cont_var,coef_mean,coef_sd,model,season,week
spread_line_z,0.0007173687677852516,0.02365835889400766,het_gp_qb_noadv,2019,6.0
roll_avg_points_allowed_z,-0.03940693722107221,0.023134637440308952,het_gp_qb_noadv,2019,6.0
lag_yards_per_rush_attempt_z,0.03625780042526343,0.026126755577778334,het_gp_qb_noadv,2019,6.0
lag_yards_per_pass_attempt_z,0.09962502110075869,0.04118280592360259,het_gp_qb_noadv,2019,6.0
lag_avg_depth_of_target_z,-0.011071716717449684,0.022764313808801895,het_gp_qb_noadv,2019,6.0
lag_rush_share_z,0.04331164256025097,0.029226538209234657,het_gp_qb_noadv,2019,6.0
temp_z,-0.016180113674774507,0.02608922783196172,het_gp_qb_noadv,2019,6.0
wind_z,-0.07247345665025184,0.03112429063606934,het_gp_qb_noadv,2019,6.0
games_missed_ytd_z,-0.19037067412810782,0.03540543758655018,het_gp_qb_noadv,2019,6.0
lag_offense_pct_z,0.15646552679987819,0.042579819433760296,het_gp_qb_noadv,2019,6.0
spread_line_z,0.0019427253301500913,0.0235236048956568,het_gp_qb_asof,2019,6.0
roll_avg_points_allowed_z,-0.037044224915003254,0.02330292308096788,het_gp_qb_asof,2019,6.0
lag_yards_per_rush_attempt_z,0.03628625272918763,0.026359312870914028,het_gp_qb_asof,2019,6.0
lag_yards_per_pass_attempt_z,0.07374873061982481,0.049495917782380584,het_gp_qb_asof,2019,6.0
lag_avg_depth_of_target_z,-0.011240820831260151,0.023964271242709497,het_gp_qb_asof,2019,6.0
lag_rush_share_z,0.044130062846143014,0.028902688103671016,het_gp_qb_asof,2019,6.0
temp_z,-0.015758392295877194,0.026007097802756212,het_gp_qb_asof,2019,6.0
wind_z,-0.07377255574725623,0.031186620216791385,het_gp_qb_asof,2019,6.0
games_missed_ytd_z,-0.19055013698205364,0.035673560634759155,het_gp_qb_asof,2019,6.0
lag_offense_pct_z,0.1740652054379408,0.049612982796870486,het_gp_qb_asof,2019,6.0
asof_avg_time_to_throw_z,-0.024737863130113363,0.02735764719990584,het_gp_qb_asof,2019,6.0
asof_aggressiveness_z,-0.022704458619486882,0.025506840209330545,het_gp_qb_asof,2019,6.0
asof_qbr_total_z,0.02602697307782086,0.03176368696391017,het_gp_qb_asof,2019,6.0
spread_line_z,0.005995435159453984,0.021418178195187973,het_gp_qb,2019,6.0
roll_avg_points_allowed_z,-0.03267723739147734,0.023674052440327793,het_gp_qb,2019,6.0
lag_yards_per_rush_attempt_z,0.03996846924246839,0.023683819077595307,het_gp_qb,2019,6.0
lag_yards_per_pass_attempt_z,0.05682474719811245,0.04614022309778087,het_gp_qb,2019,6.0
lag_avg_depth_of_target_z,-0.009547355279520203,0.02333395307406539,het_gp_qb,2019,6.0
lag_rush_share_z,0.043618832140657815,0.02828897923538783,het_gp_qb,2019,6.0
temp_z,-0.014989828946212027,0.02652931951948994,het_gp_qb,2019,6.0
wind_z,-0.07433816551180242,0.03091380710334416,het_gp_qb,2019,6.0
games_missed_ytd_z,-0.18452410842646697,0.034429510398199116,het_gp_qb,2019,6.0
lag_offense_pct_z,0.21803848358553432,0.04492370538295902,het_gp_qb,2019,6.0
lag_aggressiveness_z,-0.02598324105020057,0.02700154586164731,het_gp_qb,2019,6.0
lag_avg_time_to_throw_z,-0.1352833625737975,0.02840427145733107,het_gp_qb,2019,6.0
lag_qbr_total_z,0.06910211785403078,0.033402182644711585,het_gp_qb,2019,6.0
spread_line_z,0.0015373759208705032,0.022870344429080192,het_gp_qb_noadv,2019,9.0
roll_avg_points_allowed_z,-0.04120137980379519,0.022664706498744466,het_gp_qb_noadv,2019,9.0
lag_yards_per_rush_attempt_z,0.040054199600989826,0.024544750968272373,het_gp_qb_noadv,2019,9.0
lag_yards_per_pass_attempt_z,0.09737185238172731,0.040701586162231254,het_gp_qb_noadv,2019,9.0
lag_avg_depth_of_target_z,-0.006668688067950236,0.023001451733398456,het_gp_qb_noadv,2019,9.0
lag_rush_share_z,0.04351651435620427,0.029468886356393924,het_gp_qb_noadv,2019,9.0
temp_z,-0.024683209380983392,0.02597833629191175,het_gp_qb_noadv,2019,9.0
wind_z,-0.07648594727811668,0.029702395845957873,het_gp_qb_noadv,2019,9.0
games_missed_ytd_z,-0.18991112130532592,0.03350603972344306,het_gp_qb_noadv,2019,9.0
lag_offense_pct_z,0.1341883659681089,0.04383295952646104,het_gp_qb_noadv,2019,9.0
spread_line_z,0.0020951209042126373,0.022671751653672453,het_gp_qb_asof,2019,9.0
roll_avg_points_allowed_z,-0.04098490711838556,0.02355765109083597,het_gp_qb_asof,2019,9.0
lag_yards_per_rush_attempt_z,0.038729624885946994,0.025994979459454354,het_gp_qb_asof,2019,9.0
lag_yards_per_pass_attempt_z,0.07691133357115977,0.04651189210513582,het_gp_qb_asof,2019,9.0
lag_avg_depth_of_target_z,-0.007399411293162344,0.022594524434519432,het_gp_qb_asof,2019,9.0
lag_rush_share_z,0.04289735727643368,0.028446766920858253,het_gp_qb_asof,2019,9.0
temp_z,-0.023247389719379757,0.025462633635829828,het_gp_qb_asof,2019,9.0
wind_z,-0.07884588250553508,0.02899974755618392,het_gp_qb_asof,2019,9.0
games_missed_ytd_z,-0.19137128068054307,0.034042156127816345,het_gp_qb_asof,2019,9.0
lag_offense_pct_z,0.14935469781411723,0.04784959871840973,het_gp_qb_asof,2019,9.0
asof_avg_time_to_throw_z,-0.01422571546989064,0.027612287430979595,het_gp_qb_asof,2019,9.0
asof_aggressiveness_z,-0.02880628896084334,0.025572904450847728,het_gp_qb_asof,2019,9.0
asof_qbr_total_z,0.019070593015736416,0.02979240972194555,het_gp_qb_asof,2019,9.0
spread_line_z,0.006686969441249788,0.021575119867008965,het_gp_qb,2019,9.0
roll_avg_points_allowed_z,-0.03589445020232208,0.022616130977063015,het_gp_qb,2019,9.0
lag_yards_per_rush_attempt_z,0.04183020882952706,0.024207430984219125,het_gp_qb,2019,9.0
lag_yards_per_pass_attempt_z,0.0538757225747381,0.045363519547564846,het_gp_qb,2019,9.0
lag_avg_depth_of_target_z,-0.007707010698018355,0.02303243050250941,het_gp_qb,2019,9.0
lag_rush_share_z,0.043050103963439064,0.027553323549936108,het_gp_qb,2019,9.0
temp_z,-0.022180331783894194,0.02630112772309485,het_gp_qb,2019,9.0
wind_z,-0.0776942464236564,0.028456575290173185,het_gp_qb,2019,9.0
games_missed_ytd_z,-0.18627095582629677,0.03394453511088128,het_gp_qb,2019,9.0
lag_offense_pct_z,0.19352091637715546,0.04358801483421893,het_gp_qb,2019,9.0
lag_aggressiveness_z,-0.03344682952871666,0.026055691231654386,het_gp_qb,2019,9.0
lag_avg_time_to_throw_z,-0.12089486422184498,0.02891631805510441,het_gp_qb,2019,9.0
lag_qbr_total_z,0.06636024910488464,0.03189712803291969,het_gp_qb,2019,9.0
spread_line_z,-0.010123683143825755,0.021176770921528826,het_gp_qb_noadv,2019,12.0
roll_avg_points_allowed_z,-0.04294975149980878,0.020672664338730558,het_gp_qb_noadv,2019,12.0
lag_yards_per_rush_attempt_z,0.037407039445700306,0.02327705193118343,het_gp_qb_noadv,2019,12.0
lag_yards_per_pass_attempt_z,0.09927675764416018,0.038351252611545844,het_gp_qb_noadv,2019,12.0
lag_avg_depth_of_target_z,-0.01061837392032191,0.022598948419420402,het_gp_qb_noadv,2019,12.0
lag_rush_share_z,0.05266962023787207,0.028431509020508235,het_gp_qb_noadv,2019,12.0
temp_z,-0.02654183201340719,0.024667431022576125,het_gp_qb_noadv,2019,12.0
wind_z,-0.07819849673367688,0.028764108028688246,het_gp_qb_noadv,2019,12.0
games_missed_ytd_z,-0.19272128372711447,0.03369691827270769,het_gp_qb_noadv,2019,12.0
lag_offense_pct_z,0.11890450233108726,0.04152911381236109,het_gp_qb_noadv,2019,12.0
spread_line_z,-0.010530729585015348,0.021183433080956594,het_gp_qb_asof,2019,12.0
roll_avg_points_allowed_z,-0.0416632905308928,0.022526686338385567,het_gp_qb_asof,2019,12.0
lag_yards_per_rush_attempt_z,0.03720322201326773,0.024065743782044437,het_gp_qb_asof,2019,12.0
lag_yards_per_pass_attempt_z,0.07276449976083087,0.04465244081650273,het_gp_qb_asof,2019,12.0
lag_avg_depth_of_target_z,-0.011682664039076952,0.022410230040248,het_gp_qb_asof,2019,12.0
lag_rush_share_z,0.05113015936901842,0.02824366205039897,het_gp_qb_asof,2019,12.0
temp_z,-0.025919074153655394,0.024337493658823307,het_gp_qb_asof,2019,12.0
wind_z,-0.07995747637761404,0.028931888517576453,het_gp_qb_asof,2019,12.0
games_missed_ytd_z,-0.19616439876507252,0.032684699188176396,het_gp_qb_asof,2019,12.0
lag_offense_pct_z,0.13833002743632672,0.044467055393531664,het_gp_qb_asof,2019,12.0
asof_avg_time_to_throw_z,-0.01371401658161029,0.02617665462361411,het_gp_qb_asof,2019,12.0
asof_aggressiveness_z,-0.02163315803393083,0.023982778602099606,het_gp_qb_asof,2019,12.0
asof_qbr_total_z,0.026142040666976424,0.02829845431580729,het_gp_qb_asof,2019,12.0
spread_line_z,-0.003750105371169284,0.022449055491301932,het_gp_qb,2019,12.0
roll_avg_points_allowed_z,-0.03790564967489062,0.023140100887675243,het_gp_qb,2019,12.0
lag_yards_per_rush_attempt_z,0.04000436433876427,0.02386476700419046,het_gp_qb,2019,12.0
lag_yards_per_pass_attempt_z,0.052672097202263124,0.04371208548962717,het_gp_qb,2019,12.0
lag_avg_depth_of_target_z,-0.011314824522351177,0.02228507162935524,het_gp_qb,2019,12.0
lag_rush_share_z,0.05146435977393492,0.027830107800547486,het_gp_qb,2019,12.0
temp_z,-0.02300189942641134,0.024867696867878073,het_gp_qb,2019,12.0
wind_z,-0.07927899230368698,0.02999358259574983,het_gp_qb,2019,12.0
games_missed_ytd_z,-0.19071802257771345,0.03300116572805981,het_gp_qb,2019,12.0
lag_offense_pct_z,0.17864485893017612,0.044084167954699986,het_gp_qb,2019,12.0
lag_aggressiveness_z,-0.02551542005404815,0.02528420133388056,het_gp_qb,2019,12.0
lag_avg_time_to_throw_z,-0.12018355230347365,0.02706320373762952,het_gp_qb,2019,12.0
lag_qbr_total_z,0.07155364557283461,0.030829468239253685,het_gp_qb,2019,12.0
spread_line_z,-0.0138520119452941,0.02186582995385082,het_gp_qb_noadv,2019,15.0
roll_avg_points_allowed_z,-0.035122867378184416,0.021522970789988723,het_gp_qb_noadv,2019,15.0
lag_yards_per_rush_attempt_z,0.032929544906469814,0.023190659230648992,het_gp_qb_noadv,2019,15.0
lag_yards_per_pass_attempt_z,0.08577917468705823,0.03767836006286357,het_gp_qb_noadv,2019,15.0
lag_avg_depth_of_target_z,-0.012749396280254866,0.021150179051512487,het_gp_qb_noadv,2019,15.0
lag_rush_share_z,0.04553057116911263,0.0273884781599991,het_gp_qb_noadv,2019,15.0
temp_z,-0.018957961954085525,0.023086189868495102,het_gp_qb_noadv,2019,15.0
wind_z,-0.09541958049688003,0.02784114678516063,het_gp_qb_noadv,2019,15.0
games_missed_ytd_z,-0.18901653395347978,0.03134258551895217,het_gp_qb_noadv,2019,15.0
lag_offense_pct_z,0.1411839821426004,0.04093709745227443,het_gp_qb_noadv,2019,15.0
spread_line_z,-0.013412010283483586,0.021676060641704402,het_gp_qb_asof,2019,15.0
roll_avg_points_allowed_z,-0.033722243518313384,0.021387302518467287,het_gp_qb_asof,2019,15.0
lag_yards_per_rush_attempt_z,0.03157100848238261,0.023540277487815484,het_gp_qb_asof,2019,15.0
lag_yards_per_pass_attempt_z,0.05758060391290571,0.04397557258908543,het_gp_qb_asof,2019,15.0
lag_avg_depth_of_target_z,-0.012977897009753521,0.021768786694057473,het_gp_qb_asof,2019,15.0
lag_rush_share_z,0.04432321134534281,0.027647479277246926,het_gp_qb_asof,2019,15.0
temp_z,-0.017593909195277587,0.023509904971873746,het_gp_qb_asof,2019,15.0
wind_z,-0.09646219631375526,0.02779848923297711,het_gp_qb_asof,2019,15.0
games_missed_ytd_z,-0.18777527202218314,0.03322533407866768,het_gp_qb_asof,2019,15.0
lag_offense_pct_z,0.1628916005672561,0.043551435200941735,het_gp_qb_asof,2019,15.0
asof_avg_time_to_throw_z,-0.014872659431292252,0.025288864935405744,het_gp_qb_asof,2019,15.0
asof_aggressiveness_z,-0.023491401234625165,0.02298807424867384,het_gp_qb_asof,2019,15.0
asof_qbr_total_z,0.03060525361271145,0.027493205446794695,het_gp_qb_asof,2019,15.0
spread_line_z,-0.007284312594099315,0.020422042962749708,het_gp_qb,2019,15.0
roll_avg_points_allowed_z,-0.029643507345338514,0.021435790971469786,het_gp_qb,2019,15.0
lag_yards_per_rush_attempt_z,0.035988563845092844,0.023664734441396634,het_gp_qb,2019,15.0
lag_yards_per_pass_attempt_z,0.040046241891703575,0.043057737468845544,het_gp_qb,2019,15.0
lag_avg_depth_of_target_z,-0.013497005933319135,0.02135764995872361,het_gp_qb,2019,15.0
lag_rush_share_z,0.04652448694462893,0.028482533390345535,het_gp_qb,2019,15.0
temp_z,-0.01675474056070732,0.023320151088923494,het_gp_qb,2019,15.0
wind_z,-0.09473489318114862,0.027272288780739423,het_gp_qb,2019,15.0
games_missed_ytd_z,-0.18555405708291448,0.03254576429687224,het_gp_qb,2019,15.0
lag_offense_pct_z,0.20068370275982256,0.04160106025234011,het_gp_qb,2019,15.0
lag_aggressiveness_z,-0.027943252173811623,0.024675326998850985,het_gp_qb,2019,15.0
lag_avg_time_to_throw_z,-0.12484729726996867,0.02561874025436074,het_gp_qb,2019,15.0
lag_qbr_total_z,0.07588479069759853,0.030253086254899548,het_gp_qb,2019,15.0
spread_line_z,-0.007304565550233532,0.021309025097374215,het_gp_qb_noadv,2023,6.0
roll_avg_points_allowed_z,-0.00379402331358046,0.021419500066641707,het_gp_qb_noadv,2023,6.0
lag_yards_per_rush_attempt_z,-0.0016060695798790455,0.023826284365220038,het_gp_qb_noadv,2023,6.0
lag_yards_per_pass_attempt_z,0.03453548346994139,0.04242751471750159,het_gp_qb_noadv,2023,6.0
lag_avg_depth_of_target_z,0.025515346508360327,0.021835019026611814,het_gp_qb_noadv,2023,6.0
lag_rush_share_z,0.015783292575746913,0.02910696332080298,het_gp_qb_noadv,2023,6.0
temp_z,-0.038300418885170905,0.024536141678350054,het_gp_qb_noadv,2023,6.0
wind_z,-0.06776435178388719,0.030372370643479245,het_gp_qb_noadv,2023,6.0
games_missed_ytd_z,-0.18574960654302317,0.03480070500739994,het_gp_qb_noadv,2023,6.0
lag_offense_pct_z,0.18167446373102156,0.04461306349908942,het_gp_qb_noadv,2023,6.0
spread_line_z,-0.00820285186768292,0.021970484683865532,het_gp_qb_asof,2023,6.0
roll_avg_points_allowed_z,-0.0022871076143214557,0.02218395478754319,het_gp_qb_asof,2023,6.0
lag_yards_per_rush_attempt_z,-0.005194922383739376,0.023669353801479016,het_gp_qb_asof,2023,6.0
lag_yards_per_pass_attempt_z,-0.004608823904754942,0.04498397857258693,het_gp_qb_asof,2023,6.0
lag_avg_depth_of_target_z,0.024256988845878045,0.020963863778597523,het_gp_qb_asof,2023,6.0
lag_rush_share_z,0.01695821752594466,0.02863732648957342,het_gp_qb_asof,2023,6.0
temp_z,-0.03849857361928369,0.025142763421561135,het_gp_qb_asof,2023,6.0
wind_z,-0.06779462651135004,0.03052723607028838,het_gp_qb_asof,2023,6.0
games_missed_ytd_z,-0.18603378422987335,0.033972808312176646,het_gp_qb_asof,2023,6.0
lag_offense_pct_z,0.2152771829543285,0.04542804753075071,het_gp_qb_asof,2023,6.0
asof_avg_time_to_throw_z,-0.013709328329671233,0.025209637650204387,het_gp_qb_asof,2023,6.0
asof_aggressiveness_z,-0.03483415079486,0.023619206519732462,het_gp_qb_asof,2023,6.0
asof_qbr_total_z,0.046592953990062344,0.027330133083386797,het_gp_qb_asof,2023,6.0
spread_line_z,-0.014334136341441822,0.022231084333245138,het_gp_qb,2023,6.0
roll_avg_points_allowed_z,-0.003440290918601036,0.021351275690052723,het_gp_qb,2023,6.0
lag_yards_per_rush_attempt_z,-0.007490589699711246,0.024496465967420843,het_gp_qb,2023,6.0
lag_yards_per_pass_attempt_z,-0.022001142889698167,0.04353825880485154,het_gp_qb,2023,6.0
lag_avg_depth_of_target_z,0.03177500892418211,0.02144972693425907,het_gp_qb,2023,6.0
lag_rush_share_z,0.023448170816457704,0.02835654021813562,het_gp_qb,2023,6.0
temp_z,-0.03268919388469874,0.02463074029683769,het_gp_qb,2023,6.0
wind_z,-0.06278163511096133,0.03107018444063999,het_gp_qb,2023,6.0
games_missed_ytd_z,-0.1878594760817808,0.03239564865501664,het_gp_qb,2023,6.0
lag_offense_pct_z,0.19515530084873545,0.042025028679257205,het_gp_qb,2023,6.0
lag_aggressiveness_z,-0.0014020647237602255,0.025436877734160136,het_gp_qb,2023,6.0
lag_avg_time_to_throw_z,-0.06160760889497198,0.026743629527141398,het_gp_qb,2023,6.0
lag_qbr_total_z,0.11332850903750206,0.030811771483141688,het_gp_qb,2023,6.0
spread_line_z,-0.005097750968452337,0.020162308700789982,het_gp_qb_noadv,2023,9.0
roll_avg_points_allowed_z,-0.0036031009311348204,0.022386526487811198,het_gp_qb_noadv,2023,9.0
lag_yards_per_rush_attempt_z,-0.00022986087354799883,0.02329432278090621,het_gp_qb_noadv,2023,9.0
lag_yards_per_pass_attempt_z,0.010855468767633,0.03957615470612025,het_gp_qb_noadv,2023,9.0
lag_avg_depth_of_target_z,0.03218264049123392,0.021028973021796633,het_gp_qb_noadv,2023,9.0
lag_rush_share_z,0.007003493844843265,0.028296482593045163,het_gp_qb_noadv,2023,9.0
temp_z,-0.02822118006917248,0.023877329226795616,het_gp_qb_noadv,2023,9.0
wind_z,-0.06632951629401754,0.029198945580652638,het_gp_qb_noadv,2023,9.0
games_missed_ytd_z,-0.18268334017469662,0.03357765440038509,het_gp_qb_noadv,2023,9.0
lag_offense_pct_z,0.19954059312493452,0.041030949863111836,het_gp_qb_noadv,2023,9.0
spread_line_z,-0.004550168994050248,0.021617963938398134,het_gp_qb_asof,2023,9.0
roll_avg_points_allowed_z,-0.0027627795086922965,0.021022669766489584,het_gp_qb_asof,2023,9.0
lag_yards_per_rush_attempt_z,-0.002251205012878833,0.023643217201198087,het_gp_qb_asof,2023,9.0
lag_yards_per_pass_attempt_z,-0.02665339505414068,0.04380899214622075,het_gp_qb_asof,2023,9.0
lag_avg_depth_of_target_z,0.031985425683674816,0.02130589627023884,het_gp_qb_asof,2023,9.0
lag_rush_share_z,0.009510177178575548,0.02775433458741031,het_gp_qb_asof,2023,9.0
temp_z,-0.029441112567440236,0.02455701815116999,het_gp_qb_asof,2023,9.0
wind_z,-0.06456023705718446,0.028799789524204776,het_gp_qb_asof,2023,9.0
games_missed_ytd_z,-0.18106869762893374,0.03430800324698564,het_gp_qb_asof,2023,9.0
lag_offense_pct_z,0.2282305373658461,0.045082518448973374,het_gp_qb_asof,2023,9.0
asof_avg_time_to_throw_z,-0.028152282183527447,0.025007888288785855,het_gp_qb_asof,2023,9.0
asof_aggressiveness_z,-0.03501756585281004,0.02327271774225561,het_gp_qb_asof,2023,9.0
asof_qbr_total_z,0.039680305894321644,0.027216316538994804,het_gp_qb_asof,2023,9.0
spread_line_z,-0.010987621546884561,0.020471745942797343,het_gp_qb,2023,9.0
roll_avg_points_allowed_z,-0.004147223533122835,0.020525206255882368,het_gp_qb,2023,9.0
lag_yards_per_rush_attempt_z,-0.006329198912367988,0.022802762260350336,het_gp_qb,2023,9.0
lag_yards_per_pass_attempt_z,-0.043121610998281205,0.04113810660797921,het_gp_qb,2023,9.0
lag_avg_depth_of_target_z,0.038170165567357674,0.021137710506340664,het_gp_qb,2023,9.0
lag_rush_share_z,0.013935382369348165,0.026884773613246673,het_gp_qb,2023,9.0
temp_z,-0.022448003329722042,0.024828679640576338,het_gp_qb,2023,9.0
wind_z,-0.06244979458136401,0.02889242159844715,het_gp_qb,2023,9.0
games_missed_ytd_z,-0.18307034703721337,0.03304671647695937,het_gp_qb,2023,9.0
lag_offense_pct_z,0.2184753742309286,0.0405188307802689,het_gp_qb,2023,9.0
lag_aggressiveness_z,-0.001957111759309109,0.02484064472507133,het_gp_qb,2023,9.0
lag_avg_time_to_throw_z,-0.07249112264574527,0.026598021716560373,het_gp_qb,2023,9.0
lag_qbr_total_z,0.1048832506407256,0.029754937128353913,het_gp_qb,2023,9.0
spread_line_z,0.0069070986997091305,0.02000183024136039,het_gp_qb_noadv,2023,12.0
roll_avg_points_allowed_z,-0.010637507073468527,0.02066420790756519,het_gp_qb_noadv,2023,12.0
lag_yards_per_rush_attempt_z,-0.00195131595976215,0.02282780194704593,het_gp_qb_noadv,2023,12.0
lag_yards_per_pass_attempt_z,0.008589990516004915,0.03703260614310086,het_gp_qb_noadv,2023,12.0
lag_avg_depth_of_target_z,0.029704599673098166,0.02155242148477865,het_gp_qb_noadv,2023,12.0
lag_rush_share_z,0.005424046774011989,0.027030360988340888,het_gp_qb_noadv,2023,12.0
temp_z,-0.02197590439702632,0.022874620312040354,het_gp_qb_noadv,2023,12.0
wind_z,-0.05834408425132767,0.029385427368714336,het_gp_qb_noadv,2023,12.0
games_missed_ytd_z,-0.17833021107594135,0.030783601862102522,het_gp_qb_noadv,2023,12.0
lag_offense_pct_z,0.19206352073770977,0.03790623212882707,het_gp_qb_noadv,2023,12.0
spread_line_z,0.008153060732749786,0.019863894734709335,het_gp_qb_asof,2023,12.0
roll_avg_points_allowed_z,-0.009793901916752435,0.020417337468720535,het_gp_qb_asof,2023,12.0
lag_yards_per_rush_attempt_z,-0.0030497067183220795,0.023199145061616175,het_gp_qb_asof,2023,12.0
lag_yards_per_pass_attempt_z,-0.019285783198107722,0.04102486640279581,het_gp_qb_asof,2023,12.0
lag_avg_depth_of_target_z,0.028346274809455643,0.020179410041756992,het_gp_qb_asof,2023,12.0
lag_rush_share_z,0.00944692628012796,0.0274579515565937,het_gp_qb_asof,2023,12.0
temp_z,-0.0241378478448836,0.023741123761808692,het_gp_qb_asof,2023,12.0
wind_z,-0.0607159289704715,0.028681880264848615,het_gp_qb_asof,2023,12.0
games_missed_ytd_z,-0.1791667197755657,0.03245801101968227,het_gp_qb_asof,2023,12.0
lag_offense_pct_z,0.21369463714608766,0.04124166659776799,het_gp_qb_asof,2023,12.0
asof_avg_time_to_throw_z,-0.020754073555263947,0.02501293814095537,het_gp_qb_asof,2023,12.0
asof_aggressiveness_z,-0.03422236556285384,0.02167709269051546,het_gp_qb_asof,2023,12.0
asof_qbr_total_z,0.036906456198316714,0.025496991776854203,het_gp_qb_asof,2023,12.0
spread_line_z,0.002279015253496609,0.020382663790266042,het_gp_qb,2023,12.0
roll_avg_points_allowed_z,-0.011294127043536786,0.020458708559680863,het_gp_qb,2023,12.0
lag_yards_per_rush_attempt_z,-0.004944703596362856,0.022826749401759695,het_gp_qb,2023,12.0
lag_yards_per_pass_attempt_z,-0.03671528666990885,0.03958223466012663,het_gp_qb,2023,12.0
lag_avg_depth_of_target_z,0.03446630246393378,0.020554532631247936,het_gp_qb,2023,12.0
lag_rush_share_z,0.011892491721145988,0.027583155821254545,het_gp_qb,2023,12.0
temp_z,-0.017543935334362996,0.023351157328710855,het_gp_qb,2023,12.0
wind_z,-0.05702621663140071,0.029635753423994098,het_gp_qb,2023,12.0
games_missed_ytd_z,-0.17945339659531973,0.032652067102540726,het_gp_qb,2023,12.0
lag_offense_pct_z,0.2037803236723585,0.039269304454990744,het_gp_qb,2023,12.0
lag_aggressiveness_z,-0.005934917065794739,0.022916795807683462,het_gp_qb,2023,12.0
lag_avg_time_to_throw_z,-0.05768001926083091,0.02543403178968763,het_gp_qb,2023,12.0
lag_qbr_total_z,0.0987621778230853,0.029113714093660772,het_gp_qb,2023,12.0
spread_line_z,0.021469231388450787,0.01975496493449252,het_gp_qb_noadv,2023,15.0
roll_avg_points_allowed_z,-0.015432097169246518,0.018760669972188112,het_gp_qb_noadv,2023,15.0
lag_yards_per_rush_attempt_z,-0.003282429209244541,0.02128739476064227,het_gp_qb_noadv,2023,15.0
lag_yards_per_pass_attempt_z,0.0003644298959001316,0.03836658890947012,het_gp_qb_noadv,2023,15.0
lag_avg_depth_of_target_z,0.026806785664442834,0.01946144300941326,het_gp_qb_noadv,2023,15.0
lag_rush_share_z,0.0003601980931740303,0.025238637266072936,het_gp_qb_noadv,2023,15.0
temp_z,-0.02297979955220246,0.022610754691701464,het_gp_qb_noadv,2023,15.0
wind_z,-0.05584951900923027,0.02693342307134406,het_gp_qb_noadv,2023,15.0
games_missed_ytd_z,-0.18466070174554422,0.030415828992057598,het_gp_qb_noadv,2023,15.0
lag_offense_pct_z,0.21358628997557244,0.04000662539253101,het_gp_qb_noadv,2023,15.0
spread_line_z,0.02148454189014393,0.01990199084143922,het_gp_qb_asof,2023,15.0
roll_avg_points_allowed_z,-0.014273080696620054,0.01925692855502717,het_gp_qb_asof,2023,15.0
lag_yards_per_rush_attempt_z,-0.005150582074110055,0.021413988792104294,het_gp_qb_asof,2023,15.0
lag_yards_per_pass_attempt_z,-0.03231917329077965,0.039684209755372894,het_gp_qb_asof,2023,15.0
lag_avg_depth_of_target_z,0.025632549726738077,0.01955698301502827,het_gp_qb_asof,2023,15.0
lag_rush_share_z,0.0027668213577613015,0.02655434778682127,het_gp_qb_asof,2023,15.0
temp_z,-0.022822195547750498,0.02239710773529897,het_gp_qb_asof,2023,15.0
wind_z,-0.05433758561761729,0.027992370389156848,het_gp_qb_asof,2023,15.0
games_missed_ytd_z,-0.18171424139617431,0.03180899834977309,het_gp_qb_asof,2023,15.0
lag_offense_pct_z,0.24086420969819788,0.04030948910409802,het_gp_qb_asof,2023,15.0
asof_avg_time_to_throw_z,-0.029938524184320477,0.023548334473418968,het_gp_qb_asof,2023,15.0
asof_aggressiveness_z,-0.022945250503439832,0.020145177918852303,het_gp_qb_asof,2023,15.0
asof_qbr_total_z,0.03716599774824925,0.02559454458159983,het_gp_qb_asof,2023,15.0
spread_line_z,0.016431987910471228,0.018278342377924053,het_gp_qb,2023,15.0
roll_avg_points_allowed_z,-0.016194892567609392,0.018640152757782788,het_gp_qb,2023,15.0
lag_yards_per_rush_attempt_z,-0.006874976962322863,0.020857215409168742,het_gp_qb,2023,15.0
lag_yards_per_pass_attempt_z,-0.046708246978170546,0.03883305304273231,het_gp_qb,2023,15.0
lag_avg_depth_of_target_z,0.03116896629415907,0.019161906934308148,het_gp_qb,2023,15.0
lag_rush_share_z,0.007303932132548688,0.026258892362710177,het_gp_qb,2023,15.0
temp_z,-0.017068621026308902,0.02277593140769495,het_gp_qb,2023,15.0
wind_z,-0.05024486188133501,0.027591108657490603,het_gp_qb,2023,15.0
games_missed_ytd_z,-0.1806908937791728,0.02972358276213179,het_gp_qb,2023,15.0
lag_offense_pct_z,0.2290068429230048,0.03836582719366882,het_gp_qb,2023,15.0
lag_aggressiveness_z,0.005938099646806885,0.022558082171625717,het_gp_qb,2023,15.0
lag_avg_time_to_throw_z,-0.06654165695723536,0.02361325154235051,het_gp_qb,2023,15.0
lag_qbr_total_z,0.09654470532151171,0.02764435838301413,het_gp_qb,2023,15.0
spread_line_z,0.030286151508277317,0.021377892285102548,het_gp_qb_noadv,2024,6.0
roll_avg_points_allowed_z,0.002757077059505318,0.02106812673038695,het_gp_qb_noadv,2024,6.0
lag_yards_per_rush_attempt_z,-0.002144908390458927,0.02363997568505192,het_gp_qb_noadv,2024,6.0
lag_yards_per_pass_attempt_z,-0.014026673121871284,0.041016537908304444,het_gp_qb_noadv,2024,6.0
lag_avg_depth_of_target_z,0.019589457203129587,0.02241455925058312,het_gp_qb_noadv,2024,6.0
lag_rush_share_z,-0.034599210721248795,0.028843359287053665,het_gp_qb_noadv,2024,6.0
temp_z,-0.03031521182688025,0.025447178511611608,het_gp_qb_noadv,2024,6.0
wind_z,-0.03555236777456223,0.030421674216561924,het_gp_qb_noadv,2024,6.0
games_missed_ytd_z,-0.1291995347507405,0.035803838883802404,het_gp_qb_noadv,2024,6.0
lag_offense_pct_z,0.2522365757305382,0.04288974955400533,het_gp_qb_noadv,2024,6.0
spread_line_z,0.02789067886330892,0.021225844659211048,het_gp_qb_asof,2024,6.0
roll_avg_points_allowed_z,0.002872653652288287,0.021492709225273625,het_gp_qb_asof,2024,6.0
lag_yards_per_rush_attempt_z,-0.0035554212266032193,0.023916170493944927,het_gp_qb_asof,2024,6.0
lag_yards_per_pass_attempt_z,-0.05757595623829712,0.04441928542454103,het_gp_qb_asof,2024,6.0
lag_avg_depth_of_target_z,0.019532042832474734,0.023261301417752116,het_gp_qb_asof,2024,6.0
lag_rush_share_z,-0.02538186329965422,0.02867369859313588,het_gp_qb_asof,2024,6.0
temp_z,-0.033160481736730335,0.025530928852946264,het_gp_qb_asof,2024,6.0
wind_z,-0.026935238540326725,0.03131508050943753,het_gp_qb_asof,2024,6.0
games_missed_ytd_z,-0.12585233654016573,0.03486934219986361,het_gp_qb_asof,2024,6.0
lag_offense_pct_z,0.27934881601568,0.045734301269707366,het_gp_qb_asof,2024,6.0
asof_avg_time_to_throw_z,-0.07881742155700334,0.02551775237146379,het_gp_qb_asof,2024,6.0
asof_aggressiveness_z,-0.006061828313811834,0.023063736487107092,het_gp_qb_asof,2024,6.0
asof_qbr_total_z,0.06623444888671103,0.027040471208954503,het_gp_qb_asof,2024,6.0
spread_line_z,0.02651018716847303,0.020882842163286695,het_gp_qb,2024,6.0
roll_avg_points_allowed_z,-0.001019025401124519,0.021039221350903664,het_gp_qb,2024,6.0
lag_yards_per_rush_attempt_z,-0.0044411019804471135,0.02356224295090494,het_gp_qb,2024,6.0
lag_yards_per_pass_attempt_z,-0.057251082181839025,0.04168443906447349,het_gp_qb,2024,6.0
lag_avg_depth_of_target_z,0.018842944821834698,0.020885285933578305,het_gp_qb,2024,6.0
lag_rush_share_z,-0.023794873768410642,0.028189935100533588,het_gp_qb,2024,6.0
temp_z,-0.02501805845502467,0.025374230682807454,het_gp_qb,2024,6.0
wind_z,-0.02120987173549444,0.03140894646578728,het_gp_qb,2024,6.0
games_missed_ytd_z,-0.13407788269508628,0.033493957255349954,het_gp_qb,2024,6.0
lag_offense_pct_z,0.25899878492438877,0.04253573667447054,het_gp_qb,2024,6.0
lag_aggressiveness_z,0.0039026110544647876,0.02420637976795354,het_gp_qb,2024,6.0
lag_avg_time_to_throw_z,-0.08573308166827305,0.02543036975042066,het_gp_qb,2024,6.0
lag_qbr_total_z,0.11690027091333298,0.030095053571551632,het_gp_qb,2024,6.0
spread_line_z,0.02074973531847767,0.020648977340665748,het_gp_qb_noadv,2024,9.0
roll_avg_points_allowed_z,0.00039096705684367445,0.020968622904197466,het_gp_qb_noadv,2024,9.0
lag_yards_per_rush_attempt_z,0.003401027603730285,0.022168477940792946,het_gp_qb_noadv,2024,9.0
lag_yards_per_pass_attempt_z,0.011077161695311156,0.041005917254957225,het_gp_qb_noadv,2024,9.0
lag_avg_depth_of_target_z,0.022792865705152075,0.022057596850679654,het_gp_qb_noadv,2024,9.0
lag_rush_share_z,-0.030713780579036565,0.028071922608440335,het_gp_qb_noadv,2024,9.0
temp_z,-0.03276789025193037,0.023795928561500458,het_gp_qb_noadv,2024,9.0
wind_z,-0.04182672294804603,0.03007818242638265,het_gp_qb_noadv,2024,9.0
games_missed_ytd_z,-0.13079531833114008,0.03223187016994507,het_gp_qb_noadv,2024,9.0
lag_offense_pct_z,0.22996253817031692,0.042413417968569164,het_gp_qb_noadv,2024,9.0
spread_line_z,0.019244136442643132,0.020214972718775905,het_gp_qb_asof,2024,9.0
roll_avg_points_allowed_z,0.002346915894358799,0.02087027751761945,het_gp_qb_asof,2024,9.0
lag_yards_per_rush_attempt_z,0.003552692030436186,0.02320811401024041,het_gp_qb_asof,2024,9.0
lag_yards_per_pass_attempt_z,-0.030676543342429703,0.04153315429418391,het_gp_qb_asof,2024,9.0
lag_avg_depth_of_target_z,0.023139743335743444,0.021886131015982586,het_gp_qb_asof,2024,9.0
lag_rush_share_z,-0.023947668133806766,0.028448308019159103,het_gp_qb_asof,2024,9.0
temp_z,-0.03299949887235927,0.02414356342774616,het_gp_qb_asof,2024,9.0
wind_z,-0.03332588123745053,0.030014099294672938,het_gp_qb_asof,2024,9.0
games_missed_ytd_z,-0.12397032666560927,0.03309473279535436,het_gp_qb_asof,2024,9.0
lag_offense_pct_z,0.25510784225047617,0.04405374964003785,het_gp_qb_asof,2024,9.0
asof_avg_time_to_throw_z,-0.07081729926133991,0.025963435128776156,het_gp_qb_asof,2024,9.0
asof_aggressiveness_z,-0.011843576517564805,0.022650105983334404,het_gp_qb_asof,2024,9.0
asof_qbr_total_z,0.058231775605905825,0.026527866574639278,het_gp_qb_asof,2024,9.0
spread_line_z,0.01661793518891036,0.020491290067407505,het_gp_qb,2024,9.0
roll_avg_points_allowed_z,-0.00033721566813782423,0.020742287935056163,het_gp_qb,2024,9.0
lag_yards_per_rush_attempt_z,0.002258755863394251,0.02360092204477789,het_gp_qb,2024,9.0
lag_yards_per_pass_attempt_z,-0.03471427967280981,0.04103430256787707,het_gp_qb,2024,9.0
lag_avg_depth_of_target_z,0.020862468119852876,0.02174496042402366,het_gp_qb,2024,9.0
lag_rush_share_z,-0.022349891651130094,0.02715746698397425,het_gp_qb,2024,9.0
temp_z,-0.027662156683787287,0.024046630613710544,het_gp_qb,2024,9.0
wind_z,-0.029140638877639853,0.03017382958281645,het_gp_qb,2024,9.0
games_missed_ytd_z,-0.1299157867832504,0.03201140663671126,het_gp_qb,2024,9.0
lag_offense_pct_z,0.23827298359814963,0.042101497676309656,het_gp_qb,2024,9.0
lag_aggressiveness_z,-0.00012267340608842692,0.024880860956348876,het_gp_qb,2024,9.0
lag_avg_time_to_throw_z,-0.08537451633333769,0.02502941144692799,het_gp_qb,2024,9.0
lag_qbr_total_z,0.1056003951529961,0.029039012945888714,het_gp_qb,2024,9.0
spread_line_z,0.025259078466208833,0.019672797688346705,het_gp_qb_noadv,2024,12.0
roll_avg_points_allowed_z,-0.006821188980008098,0.019755016398015197,het_gp_qb_noadv,2024,12.0
lag_yards_per_rush_attempt_z,0.004083212129920459,0.022399353076230307,het_gp_qb_noadv,2024,12.0
lag_yards_per_pass_attempt_z,0.024543404978423153,0.03907471687629529,het_gp_qb_noadv,2024,12.0
lag_avg_depth_of_target_z,0.01015550063976452,0.020368876591815847,het_gp_qb_noadv,2024,12.0
lag_rush_share_z,-0.029279001221086006,0.027449364319301173,het_gp_qb_noadv,2024,12.0
temp_z,-0.02990930202850761,0.023816162963131472,het_gp_qb_noadv,2024,12.0
wind_z,-0.03968618222540616,0.029521269783672137,het_gp_qb_noadv,2024,12.0
games_missed_ytd_z,-0.13014479450377997,0.03218111783657594,het_gp_qb_noadv,2024,12.0
lag_offense_pct_z,0.22138002843292234,0.04041289315571012,het_gp_qb_noadv,2024,12.0
spread_line_z,0.024916571092675845,0.019192874471921244,het_gp_qb_asof,2024,12.0
roll_avg_points_allowed_z,-0.005475148120436414,0.02106576373895895,het_gp_qb_asof,2024,12.0
lag_yards_per_rush_attempt_z,0.004992571949657887,0.021932518342545674,het_gp_qb_asof,2024,12.0
lag_yards_per_pass_attempt_z,-0.005163060177215482,0.04092420448020778,het_gp_qb_asof,2024,12.0
lag_avg_depth_of_target_z,0.01172085981101355,0.02105730152598011,het_gp_qb_asof,2024,12.0
lag_rush_share_z,-0.024831808411831503,0.027519191587048086,het_gp_qb_asof,2024,12.0
temp_z,-0.03093160521755689,0.023943409659681007,het_gp_qb_asof,2024,12.0
wind_z,-0.03233829153189079,0.028447048389962638,het_gp_qb_asof,2024,12.0
games_missed_ytd_z,-0.12322437153119932,0.032603624650943255,het_gp_qb_asof,2024,12.0
lag_offense_pct_z,0.24014266419576763,0.04318526326693671,het_gp_qb_asof,2024,12.0
asof_avg_time_to_throw_z,-0.060039799458520705,0.02486683231238101,het_gp_qb_asof,2024,12.0
asof_aggressiveness_z,-0.008374497585882964,0.021999492381105004,het_gp_qb_asof,2024,12.0
asof_qbr_total_z,0.043255188086336896,0.025797810431842108,het_gp_qb_asof,2024,12.0
spread_line_z,0.021754194046506827,0.019363484883117215,het_gp_qb,2024,12.0
roll_avg_points_allowed_z,-0.006514626879641293,0.019926242239954733,het_gp_qb,2024,12.0
lag_yards_per_rush_attempt_z,0.005361823160235088,0.02268969040869325,het_gp_qb,2024,12.0
lag_yards_per_pass_attempt_z,-0.013146992863206142,0.0401979555856821,het_gp_qb,2024,12.0
lag_avg_depth_of_target_z,0.011929631418079312,0.02126829499819004,het_gp_qb,2024,12.0
lag_rush_share_z,-0.021550294758510776,0.02685374599143424,het_gp_qb,2024,12.0
temp_z,-0.026656905106889336,0.0232694636927281,het_gp_qb,2024,12.0
wind_z,-0.026119213798357743,0.02886603428292682,het_gp_qb,2024,12.0
games_missed_ytd_z,-0.1296747010360967,0.030451513876230237,het_gp_qb,2024,12.0
lag_offense_pct_z,0.23527225941684288,0.04048605396055364,het_gp_qb,2024,12.0
lag_aggressiveness_z,-0.0020912810386482096,0.02378316204933259,het_gp_qb,2024,12.0
lag_avg_time_to_throw_z,-0.09710565705023218,0.024589000967567585,het_gp_qb,2024,12.0
lag_qbr_total_z,0.09418166431051375,0.02857770556059204,het_gp_qb,2024,12.0
spread_line_z,0.02796256508401164,0.019869581426902132,het_gp_qb_noadv,2024,15.0
roll_avg_points_allowed_z,-0.00403294661046249,0.019791120383992486,het_gp_qb_noadv,2024,15.0
lag_yards_per_rush_attempt_z,0.0009899883425666183,0.02210140799340854,het_gp_qb_noadv,2024,15.0
lag_yards_per_pass_attempt_z,0.0328312321113415,0.036539507075641006,het_gp_qb_noadv,2024,15.0
lag_avg_depth_of_target_z,0.009955428065428268,0.02048523648160185,het_gp_qb_noadv,2024,15.0
lag_rush_share_z,-0.0307635021500228,0.025672282881671876,het_gp_qb_noadv,2024,15.0
temp_z,-0.03603941374445922,0.022681945817082726,het_gp_qb_noadv,2024,15.0
wind_z,-0.04463943866112523,0.028493708416570222,het_gp_qb_noadv,2024,15.0
games_missed_ytd_z,-0.12532419314343307,0.03093466785174192,het_gp_qb_noadv,2024,15.0
lag_offense_pct_z,0.2303005457466497,0.0398924605907924,het_gp_qb_noadv,2024,15.0
spread_line_z,0.027078916824683663,0.019097692387149354,het_gp_qb_asof,2024,15.0
roll_avg_points_allowed_z,-0.0034143196706553536,0.019685414164060798,het_gp_qb_asof,2024,15.0
lag_yards_per_rush_attempt_z,0.0005675174022057157,0.02161783373579709,het_gp_qb_asof,2024,15.0
lag_yards_per_pass_attempt_z,-0.0025158097476958422,0.04088124286841523,het_gp_qb_asof,2024,15.0
lag_avg_depth_of_target_z,0.010723516390530104,0.020724756385603654,het_gp_qb_asof,2024,15.0
lag_rush_share_z,-0.025588555620887396,0.02548878634722574,het_gp_qb_asof,2024,15.0
temp_z,-0.03684336879579344,0.022119824107646954,het_gp_qb_asof,2024,15.0
wind_z,-0.03693238652700654,0.029851555643635837,het_gp_qb_asof,2024,15.0
games_missed_ytd_z,-0.12056261168941877,0.03104917393122854,het_gp_qb_asof,2024,15.0
lag_offense_pct_z,0.25317435450928005,0.041495344053427995,het_gp_qb_asof,2024,15.0
asof_avg_time_to_throw_z,-0.05588520586492123,0.024156753049674677,het_gp_qb_asof,2024,15.0
asof_aggressiveness_z,-0.009945748850246367,0.021604226459696493,het_gp_qb_asof,2024,15.0
asof_qbr_total_z,0.04724609942672607,0.025198569131704825,het_gp_qb_asof,2024,15.0
spread_line_z,0.024845914591111903,0.019379608633833405,het_gp_qb,2024,15.0
roll_avg_points_allowed_z,-0.005537428214426651,0.019040765625053576,het_gp_qb,2024,15.0
lag_yards_per_rush_attempt_z,0.0007281500082188208,0.0219633477192308,het_gp_qb,2024,15.0
lag_yards_per_pass_attempt_z,-0.0065207895652250065,0.04034479354510453,het_gp_qb,2024,15.0
lag_avg_depth_of_target_z,0.010470130200434049,0.01934015789671809,het_gp_qb,2024,15.0
lag_rush_share_z,-0.023473085000216682,0.026201361094166334,het_gp_qb,2024,15.0
temp_z,-0.030468658806213366,0.022996311470720864,het_gp_qb,2024,15.0
wind_z,-0.03209683131213124,0.02920141320824159,het_gp_qb,2024,15.0
games_missed_ytd_z,-0.1250612639115983,0.0308830150986376,het_gp_qb,2024,15.0
lag_offense_pct_z,0.23968262852522584,0.040664182933325466,het_gp_qb,2024,15.0
lag_aggressiveness_z,-0.002275201617247652,0.022779904342718486,het_gp_qb,2024,15.0
lag_avg_time_to_throw_z,-0.09085095149304212,0.023544299928848902,het_gp_qb,2024,15.0
lag_qbr_total_z,0.09737383421636227,0.028572050777042866,het_gp_qb,2024,15.0
spread_line_z,0.024177039626294607,0.021422432323534493,het_gp_qb_noadv,2025,6.0
roll_avg_points_allowed_z,-0.0008639984144677969,0.02193783956797244,het_gp_qb_noadv,2025,6.0
lag_yards_per_rush_attempt_z,0.0099405549134467,0.023843509177100944,het_gp_qb_noadv,2025,6.0
lag_yards_per_pass_attempt_z,0.02459134865598826,0.0421791939561268,het_gp_qb_noadv,2025,6.0
lag_avg_depth_of_target_z,-0.007565819894266904,0.023159126082742183,het_gp_qb_noadv,2025,6.0
lag_rush_share_z,-0.04531881208394074,0.02931708620821032,het_gp_qb_noadv,2025,6.0
temp_z,-0.019770913754418192,0.0243268993901169,het_gp_qb_noadv,2025,6.0
wind_z,-0.05708886872113096,0.03204859581994931,het_gp_qb_noadv,2025,6.0
games_missed_ytd_z,-0.06793013260094748,0.03688299218290811,het_gp_qb_noadv,2025,6.0
lag_offense_pct_z,0.24880596683276782,0.045285106461328196,het_gp_qb_noadv,2025,6.0
spread_line_z,0.02364300122009536,0.021902294984709945,het_gp_qb_asof,2025,6.0
roll_avg_points_allowed_z,-0.001149255011209638,0.022141441691233128,het_gp_qb_asof,2025,6.0
lag_yards_per_rush_attempt_z,0.009110044436315398,0.024549042022070987,het_gp_qb_asof,2025,6.0
lag_yards_per_pass_attempt_z,0.007074757464648647,0.04364505601534956,het_gp_qb_asof,2025,6.0
lag_avg_depth_of_target_z,-0.007892362424037328,0.0234033226944855,het_gp_qb_asof,2025,6.0
lag_rush_share_z,-0.04331043920842303,0.02926693519756482,het_gp_qb_asof,2025,6.0
temp_z,-0.019567503685004407,0.02503671547848681,het_gp_qb_asof,2025,6.0
wind_z,-0.05599984162818116,0.031318679157420204,het_gp_qb_asof,2025,6.0
games_missed_ytd_z,-0.06497941075791505,0.03848751796843908,het_gp_qb_asof,2025,6.0
lag_offense_pct_z,0.2573245894273494,0.04641243660693323,het_gp_qb_asof,2025,6.0
asof_avg_time_to_throw_z,-0.03776172731395072,0.026927765688370273,het_gp_qb_asof,2025,6.0
asof_aggressiveness_z,-0.021963073534360996,0.022474633943774476,het_gp_qb_asof,2025,6.0
asof_qbr_total_z,0.023187697809314185,0.02812429269742277,het_gp_qb_asof,2025,6.0
spread_line_z,0.024759543587081087,0.021420279537810595,het_gp_qb,2025,6.0
roll_avg_points_allowed_z,-0.0031353550927730412,0.02167760897900321,het_gp_qb,2025,6.0
lag_yards_per_rush_attempt_z,0.010319929676681421,0.024238393203019976,het_gp_qb,2025,6.0
lag_yards_per_pass_attempt_z,-0.015084043374810964,0.043169555410322434,het_gp_qb,2025,6.0
lag_avg_depth_of_target_z,-0.005460520749451656,0.023872790843222382,het_gp_qb,2025,6.0
lag_rush_share_z,-0.037879206461191396,0.028933489668140168,het_gp_qb,2025,6.0
temp_z,-0.016646714355474688,0.024368194087779068,het_gp_qb,2025,6.0
wind_z,-0.048479594051662155,0.030321434240145717,het_gp_qb,2025,6.0
games_missed_ytd_z,-0.0719994122164616,0.03621725481887338,het_gp_qb,2025,6.0
lag_offense_pct_z,0.26038852705634297,0.0431501744394744,het_gp_qb,2025,6.0
lag_aggressiveness_z,0.0032779008110995233,0.02610355085728588,het_gp_qb,2025,6.0
lag_avg_time_to_throw_z,-0.09794701234929865,0.02589740181339697,het_gp_qb,2025,6.0
lag_qbr_total_z,0.09621564503870993,0.030540677712058227,het_gp_qb,2025,6.0
spread_line_z,0.03008615602172042,0.020267168749601324,het_gp_qb_noadv,2025,9.0
roll_avg_points_allowed_z,-0.004154216982584256,0.020700042184780575,het_gp_qb_noadv,2025,9.0
lag_yards_per_rush_attempt_z,0.018411882585820747,0.023465430913248653,het_gp_qb_noadv,2025,9.0
lag_yards_per_pass_attempt_z,0.023765009771458,0.03933890646324527,het_gp_qb_noadv,2025,9.0
lag_avg_depth_of_target_z,-0.005334245673003327,0.021818984908593166,het_gp_qb_noadv,2025,9.0
lag_rush_share_z,-0.02807772813066303,0.028550338050094774,het_gp_qb_noadv,2025,9.0
temp_z,-0.02334709338870233,0.024057713599798226,het_gp_qb_noadv,2025,9.0
wind_z,-0.06451158288083048,0.030341023248699864,het_gp_qb_noadv,2025,9.0
games_missed_ytd_z,-0.08343522883371762,0.034652603267129045,het_gp_qb_noadv,2025,9.0
lag_offense_pct_z,0.24555824563760628,0.043450733620920154,het_gp_qb_noadv,2025,9.0
spread_line_z,0.027419591815413542,0.02039232436886542,het_gp_qb_asof,2025,9.0
roll_avg_points_allowed_z,-0.0027925193422059795,0.02046826210081696,het_gp_qb_asof,2025,9.0
lag_yards_per_rush_attempt_z,0.016275934559525022,0.02328545030449344,het_gp_qb_asof,2025,9.0
lag_yards_per_pass_attempt_z,-0.004637085232732151,0.04456525313741471,het_gp_qb_asof,2025,9.0
lag_avg_depth_of_target_z,-0.005491248079325991,0.02210358271439958,het_gp_qb_asof,2025,9.0
lag_rush_share_z,-0.02410566373986162,0.02818658971953356,het_gp_qb_asof,2025,9.0
temp_z,-0.023187280851869285,0.023633045020308757,het_gp_qb_asof,2025,9.0
wind_z,-0.06253677080899046,0.03055695587190083,het_gp_qb_asof,2025,9.0
games_missed_ytd_z,-0.08399800003964382,0.035408971261419536,het_gp_qb_asof,2025,9.0
lag_offense_pct_z,0.2628442254352034,0.04564712439060924,het_gp_qb_asof,2025,9.0
asof_avg_time_to_throw_z,-0.02864670943150247,0.02542488327799578,het_gp_qb_asof,2025,9.0
asof_aggressiveness_z,-0.026014268092879687,0.022417145144603818,het_gp_qb_asof,2025,9.0
asof_qbr_total_z,0.03906287091976077,0.027201075655959046,het_gp_qb_asof,2025,9.0
spread_line_z,0.02951732153019286,0.021202857016310542,het_gp_qb,2025,9.0
roll_avg_points_allowed_z,-0.004260278943022607,0.020807009913554032,het_gp_qb,2025,9.0
lag_yards_per_rush_attempt_z,0.016230960047892717,0.023059622313394094,het_gp_qb,2025,9.0
lag_yards_per_pass_attempt_z,-0.025284252107262102,0.04225971986802514,het_gp_qb,2025,9.0
lag_avg_depth_of_target_z,-0.0033181983963983665,0.022691679401987776,het_gp_qb,2025,9.0
lag_rush_share_z,-0.01856790237524183,0.028249286325021952,het_gp_qb,2025,9.0
temp_z,-0.018073702144489334,0.023778980545634373,het_gp_qb,2025,9.0
wind_z,-0.05471262305810847,0.02949576641932882,het_gp_qb,2025,9.0
games_missed_ytd_z,-0.0865159053367301,0.03362005518186485,het_gp_qb,2025,9.0
lag_offense_pct_z,0.25572421893153185,0.04453830965868378,het_gp_qb,2025,9.0
lag_aggressiveness_z,0.0020956314308382077,0.023875080007336843,het_gp_qb,2025,9.0
lag_avg_time_to_throw_z,-0.09126680258824217,0.025784691209104673,het_gp_qb,2025,9.0
lag_qbr_total_z,0.11435819645877612,0.030167884254133154,het_gp_qb,2025,9.0
spread_line_z,0.023527247117374278,0.01955960135384351,het_gp_qb_noadv,2025,12.0
roll_avg_points_allowed_z,-0.010880387225767339,0.020659280621091305,het_gp_qb_noadv,2025,12.0
lag_yards_per_rush_attempt_z,0.028208520169867256,0.021298194581915036,het_gp_qb_noadv,2025,12.0
lag_yards_per_pass_attempt_z,0.017584095180432375,0.03720868236177513,het_gp_qb_noadv,2025,12.0
lag_avg_depth_of_target_z,-0.005449412173733184,0.022305073698240765,het_gp_qb_noadv,2025,12.0
lag_rush_share_z,-0.019519556164120346,0.027142632696580002,het_gp_qb_noadv,2025,12.0
temp_z,-0.022478652579564697,0.023319404434202506,het_gp_qb_noadv,2025,12.0
wind_z,-0.07446232503245413,0.028329985663905353,het_gp_qb_noadv,2025,12.0
games_missed_ytd_z,-0.08580635482989293,0.03391106109742835,het_gp_qb_noadv,2025,12.0
lag_offense_pct_z,0.2554576818025148,0.039645846390614935,het_gp_qb_noadv,2025,12.0
spread_line_z,0.02359063415110787,0.020730124478111636,het_gp_qb_asof,2025,12.0
roll_avg_points_allowed_z,-0.01089305292664517,0.02001251159320014,het_gp_qb_asof,2025,12.0
lag_yards_per_rush_attempt_z,0.026958651666633342,0.02286934788871535,het_gp_qb_asof,2025,12.0
lag_yards_per_pass_attempt_z,-0.006447274728285164,0.04421948049615874,het_gp_qb_asof,2025,12.0
lag_avg_depth_of_target_z,-0.004876394970303059,0.022619203769896155,het_gp_qb_asof,2025,12.0
lag_rush_share_z,-0.017096466457710072,0.028419138370014516,het_gp_qb_asof,2025,12.0
temp_z,-0.023815521086828807,0.023187189880358606,het_gp_qb_asof,2025,12.0
wind_z,-0.0752326526372902,0.029846045837755377,het_gp_qb_asof,2025,12.0
games_missed_ytd_z,-0.08642316836434648,0.033687569899655705,het_gp_qb_asof,2025,12.0
lag_offense_pct_z,0.2723749090596786,0.04431936724701864,het_gp_qb_asof,2025,12.0
asof_avg_time_to_throw_z,-0.017320773176568452,0.02354846419271124,het_gp_qb_asof,2025,12.0
asof_aggressiveness_z,-0.02522736803461001,0.02182648843150593,het_gp_qb_asof,2025,12.0
asof_qbr_total_z,0.022057861392602865,0.02699410024450178,het_gp_qb_asof,2025,12.0
spread_line_z,0.024015595106378053,0.019676506008111962,het_gp_qb,2025,12.0
roll_avg_points_allowed_z,-0.012228447503582955,0.02010522052329302,het_gp_qb,2025,12.0
lag_yards_per_rush_attempt_z,0.024218437900478763,0.023892617916211105,het_gp_qb,2025,12.0
lag_yards_per_pass_attempt_z,-0.03205346281614508,0.041033063644995975,het_gp_qb,2025,12.0
lag_avg_depth_of_target_z,-0.003689765988571401,0.02218073570426457,het_gp_qb,2025,12.0
lag_rush_share_z,-0.009010873324206052,0.027087348044951214,het_gp_qb,2025,12.0
temp_z,-0.020569639291860883,0.023829486332904187,het_gp_qb,2025,12.0
wind_z,-0.06886643504073221,0.0291631570454818,het_gp_qb,2025,12.0
games_missed_ytd_z,-0.09235313700654448,0.03255491418010433,het_gp_qb,2025,12.0
lag_offense_pct_z,0.2708164401012914,0.03995952445057547,het_gp_qb,2025,12.0
lag_aggressiveness_z,-0.0014913662823265836,0.02319284913794196,het_gp_qb,2025,12.0
lag_avg_time_to_throw_z,-0.0815728543660692,0.02476488203970448,het_gp_qb,2025,12.0
lag_qbr_total_z,0.1020505176632173,0.02997399991223536,het_gp_qb,2025,12.0
spread_line_z,0.02183301534009501,0.020174445594310773,het_gp_qb_noadv,2025,15.0
roll_avg_points_allowed_z,-0.009286557772160092,0.019631588158389758,het_gp_qb_noadv,2025,15.0
lag_yards_per_rush_attempt_z,0.03355115691706738,0.021918075493769767,het_gp_qb_noadv,2025,15.0
lag_yards_per_pass_attempt_z,0.008831795521751697,0.036917087852586475,het_gp_qb_noadv,2025,15.0
lag_avg_depth_of_target_z,-0.006145730335676497,0.02130818169946652,het_gp_qb_noadv,2025,15.0
lag_rush_share_z,-0.01916781348236482,0.025981146867769683,het_gp_qb_noadv,2025,15.0
temp_z,-0.015603671643141057,0.022618898841688394,het_gp_qb_noadv,2025,15.0
wind_z,-0.0800305614485603,0.02854157950372259,het_gp_qb_noadv,2025,15.0
games_missed_ytd_z,-0.08876965824571001,0.03261391202150046,het_gp_qb_noadv,2025,15.0
lag_offense_pct_z,0.2666380908305858,0.04068143910967302,het_gp_qb_noadv,2025,15.0
spread_line_z,0.021854177598423404,0.018214636960734585,het_gp_qb_asof,2025,15.0
roll_avg_points_allowed_z,-0.009331418092369216,0.020024997076638545,het_gp_qb_asof,2025,15.0
lag_yards_per_rush_attempt_z,0.03178871134009542,0.021113038006759576,het_gp_qb_asof,2025,15.0
lag_yards_per_pass_attempt_z,-0.008239375643060537,0.042165029419284156,het_gp_qb_asof,2025,15.0
lag_avg_depth_of_target_z,-0.004893933008066972,0.0219164681026654,het_gp_qb_asof,2025,15.0
lag_rush_share_z,-0.019892723134493962,0.026341686029388647,het_gp_qb_asof,2025,15.0
temp_z,-0.01580685683364126,0.022379021678025687,het_gp_qb_asof,2025,15.0
wind_z,-0.07939480535243028,0.029798539411239302,het_gp_qb_asof,2025,15.0
games_missed_ytd_z,-0.08675576485622943,0.033161118299811554,het_gp_qb_asof,2025,15.0
lag_offense_pct_z,0.2785937073593441,0.043322580228683356,het_gp_qb_asof,2025,15.0
asof_avg_time_to_throw_z,-0.014547007423442428,0.022965069514032294,het_gp_qb_asof,2025,15.0
asof_aggressiveness_z,-0.025591302735428114,0.021132407197407232,het_gp_qb_asof,2025,15.0
asof_qbr_total_z,0.01709168271657754,0.025616630436403283,het_gp_qb_asof,2025,15.0
spread_line_z,0.022350222289512677,0.01933510918149705,het_gp_qb,2025,15.0
roll_avg_points_allowed_z,-0.010296424432533566,0.021495661370732777,het_gp_qb,2025,15.0
lag_yards_per_rush_attempt_z,0.03040306172838878,0.022862865214098645,het_gp_qb,2025,15.0
lag_yards_per_pass_attempt_z,-0.029195288542273202,0.0403263529105715,het_gp_qb,2025,15.0
lag_avg_depth_of_target_z,-0.0043903603354385696,0.02090500260160545,het_gp_qb,2025,15.0
lag_rush_share_z,-0.011600116652257745,0.02545913662273628,het_gp_qb,2025,15.0
temp_z,-0.013782709542702682,0.022628075637731022,het_gp_qb,2025,15.0
wind_z,-0.07035567024265518,0.028803385659792298,het_gp_qb,2025,15.0
games_missed_ytd_z,-0.09320959028760749,0.03125193965314453,het_gp_qb,2025,15.0
lag_offense_pct_z,0.2760986672873916,0.04003655459234334,het_gp_qb,2025,15.0
lag_aggressiveness_z,-0.000998774312372196,0.02345485075267301,het_gp_qb,2025,15.0
lag_avg_time_to_throw_z,-0.07446200135618927,0.023049986709244664,het_gp_qb,2025,15.0
lag_qbr_total_z,0.09189002742997512,0.028339971473735907,het_gp_qb,2025,15.0
spread_line_z,-0.00025832164452703905,0.008341644119510706,het_gp_noadv,2019,6.0
roll_avg_points_allowed_z,-0.007894733996086551,0.008786637532997982,het_gp_noadv,2019,6.0
lag_yards_per_rush_attempt_z,0.0004446307861315841,0.010270474905771711,het_gp_noadv,2019,6.0
lag_yards_per_target_z,-0.0015897932843844018,0.008328762928415476,het_gp_noadv,2019,6.0
lag_avg_depth_of_target_z,-0.009166491671137453,0.010952468801052898,het_gp_noadv,2019,6.0
lag_target_share_z,0.030805158507951593,0.013218328816390547,het_gp_noadv,2019,6.0
lag_rush_share_z,0.17723953893612393,0.017454394225701497,het_gp_noadv,2019,6.0
temp_z,-0.016741809064218616,0.009310698962640378,het_gp_noadv,2019,6.0
wind_z,-0.032168204314487636,0.010939743205232652,het_gp_noadv,2019,6.0
games_missed_ytd_z,-0.07180348065366017,0.011558708542597,het_gp_noadv,2019,6.0
lag_offense_pct_z,0.17168185435438596,0.014661198898882842,het_gp_noadv,2019,6.0
lag_st_pct_z,-0.0592790088535366,0.011608394075677262,het_gp_noadv,2019,6.0
spread_line_z,0.0000878843292843091,0.008280291508185614,het_gp_asof,2019,6.0
roll_avg_points_allowed_z,-0.007980513664505034,0.008442254088712556,het_gp_asof,2019,6.0
lag_yards_per_rush_attempt_z,0.000852908966062769,0.009582895027154866,het_gp_asof,2019,6.0
lag_yards_per_target_z,-0.0026979562256250183,0.008913062275512267,het_gp_asof,2019,6.0
lag_avg_depth_of_target_z,-0.010060600769105506,0.010624612182715348,het_gp_asof,2019,6.0
lag_target_share_z,0.03105947521345936,0.014710623370165555,het_gp_asof,2019,6.0
lag_rush_share_z,0.17630787690695396,0.01773575892737819,het_gp_asof,2019,6.0
temp_z,-0.016918009531959013,0.009344958956785308,het_gp_asof,2019,6.0
wind_z,-0.03131398913836618,0.011205394830419121,het_gp_asof,2019,6.0
games_missed_ytd_z,-0.07138041024634068,0.011735958001505772,het_gp_asof,2019,6.0
lag_offense_pct_z,0.17201715142994223,0.0147352839428305,het_gp_asof,2019,6.0
lag_st_pct_z,-0.059771557693904784,0.011996349560746473,het_gp_asof,2019,6.0
asof_avg_separation_z,-0.0157456599364842,0.013417842998767587,het_gp_asof,2019,6.0
asof_avg_cushion_z,-0.004079789162679696,0.012535032371862265,het_gp_asof,2019,6.0
asof_catch_percentage_z,0.003287434131828556,0.013693698663982536,het_gp_asof,2019,6.0
asof_avg_yac_above_expectation_z,0.02153887160707924,0.01174772189688768,het_gp_asof,2019,6.0
asof_efficiency_z,-0.00912009024975275,0.021031605463399702,het_gp_asof,2019,6.0
asof_percent_attempts_gte_eight_defenders_z,0.004885355407898708,0.02047355849274064,het_gp_asof,2019,6.0
asof_rush_yards_over_expected_per_att_z,-0.0009045612221915499,0.029471508804524097,het_gp_asof,2019,6.0
spread_line_z,-0.00019437753870397344,0.008520502382386634,het_gp,2019,6.0
roll_avg_points_allowed_z,-0.008198563406062622,0.008770132967924478,het_gp,2019,6.0
lag_yards_per_rush_attempt_z,-0.0015282218745714153,0.009867876114520656,het_gp,2019,6.0
lag_yards_per_target_z,0.0014406409199996554,0.009096001199197817,het_gp,2019,6.0
lag_avg_depth_of_target_z,-0.01304749149673409,0.01055395445421876,het_gp,2019,6.0
lag_target_share_z,0.033557332291781664,0.013910034604019524,het_gp,2019,6.0
lag_rush_share_z,0.20411826453518317,0.02033558795356239,het_gp,2019,6.0
temp_z,-0.01614710821916892,0.008778793388616039,het_gp,2019,6.0
wind_z,-0.03267689129208557,0.010901182689971643,het_gp,2019,6.0
games_missed_ytd_z,-0.07054952258506425,0.010958387487531605,het_gp,2019,6.0
lag_offense_pct_z,0.16986457814319597,0.014236543638086591,het_gp,2019,6.0
lag_st_pct_z,-0.06033289491427258,0.012255279906024439,het_gp,2019,6.0
lag_avg_cushion_z,0.004742525680784262,0.026807769953449134,het_gp,2019,6.0
lag_avg_yac_above_expectation_z,0.016884880560847706,0.01281027771340145,het_gp,2019,6.0
lag_efficiency_z,-0.12627166575912055,0.02678886079195045,het_gp,2019,6.0
lag_avg_separation_z,-0.014221572357771458,0.0278988844792659,het_gp,2019,6.0
lag_catch_percentage_z,-0.07751578912397475,0.028305234079911153,het_gp,2019,6.0
lag_rush_yards_over_expected_per_att_z,-0.033228562636629766,0.014060018922050358,het_gp,2019,6.0
lag_percent_attempts_gte_eight_defenders_z,-0.028908219672640217,0.02098625721616327,het_gp,2019,6.0
spread_line_z,-0.0004241217695806672,0.008011715357067373,het_gp_noadv,2019,9.0
roll_avg_points_allowed_z,-0.004409717379994969,0.008448228456208419,het_gp_noadv,2019,9.0
lag_yards_per_rush_attempt_z,0.0014504636764178776,0.009015394498139758,het_gp_noadv,2019,9.0
lag_yards_per_target_z,-0.00193591481813969,0.008818086504636051,het_gp_noadv,2019,9.0
lag_avg_depth_of_target_z,-0.006650480208116251,0.010795080681663377,het_gp_noadv,2019,9.0
lag_target_share_z,0.02969113619823837,0.01363135779204072,het_gp_noadv,2019,9.0
lag_rush_share_z,0.17719774094828414,0.016694270604915427,het_gp_noadv,2019,9.0
temp_z,-0.016343795848978895,0.008991230316779867,het_gp_noadv,2019,9.0
wind_z,-0.030089312392609802,0.009844914157139971,het_gp_noadv,2019,9.0
games_missed_ytd_z,-0.07261209593732149,0.011526140917653428,het_gp_noadv,2019,9.0
lag_offense_pct_z,0.16783456382806528,0.013768449257807897,het_gp_noadv,2019,9.0
lag_st_pct_z,-0.062499838180810056,0.011764062720745937,het_gp_noadv,2019,9.0
spread_line_z,-0.0002735491406566945,0.007957697612355721,het_gp_asof,2019,9.0
roll_avg_points_allowed_z,-0.00500842966772746,0.008063735551499767,het_gp_asof,2019,9.0
lag_yards_per_rush_attempt_z,0.0018465441028197743,0.009561913035704868,het_gp_asof,2019,9.0
lag_yards_per_target_z,-0.003166405196232675,0.008668442342988872,het_gp_asof,2019,9.0
lag_avg_depth_of_target_z,-0.007404151783890389,0.011217115269613205,het_gp_asof,2019,9.0
lag_target_share_z,0.0297089181287467,0.012746067348196522,het_gp_asof,2019,9.0
lag_rush_share_z,0.17635805663979498,0.016595810552962425,het_gp_asof,2019,9.0
temp_z,-0.016064548200124047,0.009378105088105812,het_gp_asof,2019,9.0
wind_z,-0.029377553630547976,0.010094157703007247,het_gp_asof,2019,9.0
games_missed_ytd_z,-0.07269568712410157,0.011404622321796811,het_gp_asof,2019,9.0
lag_offense_pct_z,0.16866799284866696,0.014132961901555037,het_gp_asof,2019,9.0
lag_st_pct_z,-0.06281653098031033,0.010700204966000108,het_gp_asof,2019,9.0
asof_avg_separation_z,-0.017899052335162164,0.012467011002801622,het_gp_asof,2019,9.0
asof_avg_cushion_z,0.0012652107310102065,0.012243832936431338,het_gp_asof,2019,9.0
asof_catch_percentage_z,0.0038332259970414407,0.013448455435023663,het_gp_asof,2019,9.0
asof_avg_yac_above_expectation_z,0.024410591896261484,0.011635848438963984,het_gp_asof,2019,9.0
asof_efficiency_z,0.007865082028524416,0.02043397862434496,het_gp_asof,2019,9.0
asof_percent_attempts_gte_eight_defenders_z,-0.0030629648017223687,0.020266709804509668,het_gp_asof,2019,9.0
asof_rush_yards_over_expected_per_att_z,0.004784949564626173,0.026790890299068906,het_gp_asof,2019,9.0
spread_line_z,0.0002591594093770259,0.007543805421299559,het_gp,2019,9.0
roll_avg_points_allowed_z,-0.004961087492868953,0.007857450910039726,het_gp,2019,9.0
lag_yards_per_rush_attempt_z,0.0009772100797040895,0.00976972933194058,het_gp,2019,9.0
lag_yards_per_target_z,0.0004057485615391447,0.00837256527310337,het_gp,2019,9.0
lag_avg_depth_of_target_z,-0.01009340511467202,0.009866981397692756,het_gp,2019,9.0
lag_target_share_z,0.030692330936562085,0.012835499912160542,het_gp,2019,9.0
lag_rush_share_z,0.1951862346984169,0.019306391067413543,het_gp,2019,9.0
temp_z,-0.016471986389696082,0.00925973862159564,het_gp,2019,9.0
wind_z,-0.030268850219702773,0.01055197940260067,het_gp,2019,9.0
games_missed_ytd_z,-0.07296585364240295,0.010883300160837661,het_gp,2019,9.0
lag_offense_pct_z,0.1664307109772743,0.01482630520022778,het_gp,2019,9.0
lag_st_pct_z,-0.06277011387359666,0.011041575441292598,het_gp,2019,9.0
lag_avg_cushion_z,0.02389761349130141,0.0261585736673117,het_gp,2019,9.0
lag_avg_yac_above_expectation_z,0.014708332139222229,0.012865645224593521,het_gp,2019,9.0
lag_efficiency_z,-0.06884475320958872,0.021519035298869078,het_gp,2019,9.0
lag_avg_separation_z,-0.013056923011263084,0.026021692502407278,het_gp,2019,9.0
lag_catch_percentage_z,-0.07309148123101097,0.028978304640524335,het_gp,2019,9.0
lag_rush_yards_over_expected_per_att_z,-0.030701724374638365,0.013838867691301198,het_gp,2019,9.0
lag_percent_attempts_gte_eight_defenders_z,-0.050055670922687034,0.018804860656703514,het_gp,2019,9.0
spread_line_z,-0.0019098328723454092,0.007347199249726621,het_gp_noadv,2019,12.0
roll_avg_points_allowed_z,-0.006125497861700697,0.008132850286094387,het_gp_noadv,2019,12.0
lag_yards_per_rush_attempt_z,0.0018231021639704852,0.00920721225006129,het_gp_noadv,2019,12.0
lag_yards_per_target_z,-0.003200051269472132,0.008218518450819869,het_gp_noadv,2019,12.0
lag_avg_depth_of_target_z,-0.010924499252239192,0.010150533694108893,het_gp_noadv,2019,12.0
lag_target_share_z,0.027222741409155805,0.012802203106436412,het_gp_noadv,2019,12.0
lag_rush_share_z,0.16833706176218766,0.015934523967647222,het_gp_noadv,2019,12.0
temp_z,-0.016717719062205295,0.008762822272455853,het_gp_noadv,2019,12.0
wind_z,-0.03235437241751434,0.009457918515133851,het_gp_noadv,2019,12.0
games_missed_ytd_z,-0.07687483769284191,0.010826213794423946,het_gp_noadv,2019,12.0
lag_offense_pct_z,0.17517119807669784,0.013774149760243506,het_gp_noadv,2019,12.0
lag_st_pct_z,-0.05644495357100992,0.011176200569635813,het_gp_noadv,2019,12.0
spread_line_z,-0.0020169234678967278,0.007039436162621942,het_gp_asof,2019,12.0
roll_avg_points_allowed_z,-0.006102740664642537,0.008276819317621809,het_gp_asof,2019,12.0
lag_yards_per_rush_attempt_z,0.002041621827916029,0.009218032424203552,het_gp_asof,2019,12.0
lag_yards_per_target_z,-0.003829958087154137,0.007976768267915973,het_gp_asof,2019,12.0
lag_avg_depth_of_target_z,-0.011798889060986131,0.010331994652444415,het_gp_asof,2019,12.0
lag_target_share_z,0.027753408501854617,0.012874368364534965,het_gp_asof,2019,12.0
lag_rush_share_z,0.16948160543985769,0.016269688919453525,het_gp_asof,2019,12.0
temp_z,-0.01656913132693339,0.007815100475628878,het_gp_asof,2019,12.0
wind_z,-0.032325067011716564,0.0095037726005695,het_gp_asof,2019,12.0
games_missed_ytd_z,-0.07686876088713408,0.011258544785537287,het_gp_asof,2019,12.0
lag_offense_pct_z,0.17560482283476625,0.014348636171292508,het_gp_asof,2019,12.0
lag_st_pct_z,-0.056266496245280434,0.011733745105384951,het_gp_asof,2019,12.0
asof_avg_separation_z,-0.02411293647151216,0.012994962535634594,het_gp_asof,2019,12.0
asof_avg_cushion_z,0.001259708237473683,0.011884639031284417,het_gp_asof,2019,12.0
asof_catch_percentage_z,0.0067686022724489005,0.01328136386343267,het_gp_asof,2019,12.0
asof_avg_yac_above_expectation_z,0.018832151554515987,0.011858419471062906,het_gp_asof,2019,12.0
asof_efficiency_z,0.010410746019738683,0.01896677511884414,het_gp_asof,2019,12.0
asof_percent_attempts_gte_eight_defenders_z,-0.0006268719156325626,0.018668042178409065,het_gp_asof,2019,12.0
asof_rush_yards_over_expected_per_att_z,0.0167479624278874,0.02470748293962468,het_gp_asof,2019,12.0
spread_line_z,-0.0013358641645886287,0.007617221233471482,het_gp,2019,12.0
roll_avg_points_allowed_z,-0.006233566357611912,0.008130347184459551,het_gp,2019,12.0
lag_yards_per_rush_attempt_z,0.0006642623297124688,0.009026648821755856,het_gp,2019,12.0
lag_yards_per_target_z,-0.0003251095353014029,0.007891051459196352,het_gp,2019,12.0
lag_avg_depth_of_target_z,-0.014308349548699596,0.010230944239595778,het_gp,2019,12.0
lag_target_share_z,0.028178229892010916,0.012965125899854282,het_gp,2019,12.0
lag_rush_share_z,0.18599899697517083,0.0194439120453349,het_gp,2019,12.0
temp_z,-0.01654190245127435,0.008203142649440649,het_gp,2019,12.0
wind_z,-0.03260463712864965,0.009442905748496417,het_gp,2019,12.0
games_missed_ytd_z,-0.07595617712191918,0.011492762713308572,het_gp,2019,12.0
lag_offense_pct_z,0.17369925744631676,0.014028394048335932,het_gp,2019,12.0
lag_st_pct_z,-0.05673206383316864,0.011155788801321035,het_gp,2019,12.0
lag_avg_cushion_z,0.028192069898256098,0.024981994572836598,het_gp,2019,12.0
lag_avg_yac_above_expectation_z,0.0112578193472346,0.012429617266962172,het_gp,2019,12.0
lag_efficiency_z,-0.06953534647450178,0.02102050570448964,het_gp,2019,12.0
lag_avg_separation_z,-0.011076425670019891,0.02561899303072363,het_gp,2019,12.0
lag_catch_percentage_z,-0.07380964045414422,0.027017313935557563,het_gp,2019,12.0
lag_rush_yards_over_expected_per_att_z,-0.02717938663999522,0.013503584877254308,het_gp,2019,12.0
lag_percent_attempts_gte_eight_defenders_z,-0.04737019147324163,0.018960665571564974,het_gp,2019,12.0
spread_line_z,-0.0020192063781868516,0.0074893609410630925,het_gp_noadv,2019,15.0
roll_avg_points_allowed_z,-0.006742615531867882,0.007248589705560044,het_gp_noadv,2019,15.0
lag_yards_per_rush_attempt_z,0.0033745010896807266,0.008926501899302029,het_gp_noadv,2019,15.0
lag_yards_per_target_z,-0.0024326890338104857,0.007495849925032402,het_gp_noadv,2019,15.0
lag_avg_depth_of_target_z,-0.009400632478884998,0.010072853464652847,het_gp_noadv,2019,15.0
lag_target_share_z,0.026710205283666376,0.012323336487906407,het_gp_noadv,2019,15.0
lag_rush_share_z,0.16417924328215763,0.016137359676711295,het_gp_noadv,2019,15.0
temp_z,-0.012344951977864662,0.008463131435997738,het_gp_noadv,2019,15.0
wind_z,-0.03899033229736032,0.009293637668665563,het_gp_noadv,2019,15.0
games_missed_ytd_z,-0.08009072638668815,0.010333589072924755,het_gp_noadv,2019,15.0
lag_offense_pct_z,0.17791591807747334,0.013147131884909614,het_gp_noadv,2019,15.0
lag_st_pct_z,-0.052107809163483586,0.011188748593034212,het_gp_noadv,2019,15.0
spread_line_z,-0.001782323743757981,0.007543485971501056,het_gp_asof,2019,15.0
roll_avg_points_allowed_z,-0.006894219626830835,0.007270138430776901,het_gp_asof,2019,15.0
lag_yards_per_rush_attempt_z,0.002265915941053739,0.009074777393068889,het_gp_asof,2019,15.0
lag_yards_per_target_z,-0.003846059319176941,0.008105887104742238,het_gp_asof,2019,15.0
lag_avg_depth_of_target_z,-0.010239054633513668,0.010039460332589385,het_gp_asof,2019,15.0
lag_target_share_z,0.02749703172421046,0.012750371959279382,het_gp_asof,2019,15.0
lag_rush_share_z,0.1655100627505228,0.01620415828660464,het_gp_asof,2019,15.0
temp_z,-0.012609787057500982,0.008577861155356106,het_gp_asof,2019,15.0
wind_z,-0.0386185848425461,0.009503167707025823,het_gp_asof,2019,15.0
games_missed_ytd_z,-0.07973914772671861,0.010324410071404248,het_gp_asof,2019,15.0
lag_offense_pct_z,0.17775037604638377,0.013580865470463253,het_gp_asof,2019,15.0
lag_st_pct_z,-0.05201616205349793,0.010722994483201048,het_gp_asof,2019,15.0
asof_avg_separation_z,-0.017815281946381604,0.012099574683082509,het_gp_asof,2019,15.0
asof_avg_cushion_z,-0.002015327659373629,0.011072659908639168,het_gp_asof,2019,15.0
asof_catch_percentage_z,0.006113749830385633,0.012183987625691287,het_gp_asof,2019,15.0
asof_avg_yac_above_expectation_z,0.020191649617119604,0.01079341267986118,het_gp_asof,2019,15.0
asof_efficiency_z,-0.012662941482728689,0.01592980839834475,het_gp_asof,2019,15.0
asof_percent_attempts_gte_eight_defenders_z,-0.003060490650842886,0.01877399750446238,het_gp_asof,2019,15.0
asof_rush_yards_over_expected_per_att_z,0.01678701322622796,0.02466148803604808,het_gp_asof,2019,15.0
spread_line_z,-0.0013958804919219348,0.007493279968107586,het_gp,2019,15.0
roll_avg_points_allowed_z,-0.006880759764983151,0.007551548882756029,het_gp,2019,15.0
lag_yards_per_rush_attempt_z,0.002190537578117,0.008851875244096004,het_gp,2019,15.0
lag_yards_per_target_z,-0.00018537862847435317,0.007908443447784963,het_gp,2019,15.0
lag_avg_depth_of_target_z,-0.011740957482086773,0.009737582348748471,het_gp,2019,15.0
lag_target_share_z,0.02836228536304288,0.01220000022873555,het_gp,2019,15.0
lag_rush_share_z,0.17943209439484156,0.01708538557598659,het_gp,2019,15.0
temp_z,-0.012556854183291067,0.008852948995769463,het_gp,2019,15.0
wind_z,-0.03910527052286076,0.010173876312560838,het_gp,2019,15.0
games_missed_ytd_z,-0.07916212698042475,0.010423637155469873,het_gp,2019,15.0
lag_offense_pct_z,0.17742614012208618,0.013569150126358079,het_gp,2019,15.0
lag_st_pct_z,-0.05268760384081491,0.010779620788507688,het_gp,2019,15.0
lag_avg_cushion_z,0.00923615014607785,0.02372420528559495,het_gp,2019,15.0
lag_avg_yac_above_expectation_z,0.012043679057629212,0.011423524041983817,het_gp,2019,15.0
lag_efficiency_z,-0.056758464356109685,0.016481318366743467,het_gp,2019,15.0
lag_avg_separation_z,0.0029660558461907845,0.02417607162270566,het_gp,2019,15.0
lag_catch_percentage_z,-0.06310817998015832,0.023821178051306135,het_gp,2019,15.0
lag_rush_yards_over_expected_per_att_z,-0.01851771516455616,0.012163165955432025,het_gp,2019,15.0
lag_percent_attempts_gte_eight_defenders_z,-0.05672653769355022,0.017666973765238337,het_gp,2019,15.0
spread_line_z,-0.0020945903228191624,0.0077096427324713545,het_gp_noadv,2023,6.0
roll_avg_points_allowed_z,-0.007938297036696294,0.008004362480530266,het_gp_noadv,2023,6.0
lag_yards_per_rush_attempt_z,-0.0037042431584246964,0.009896475974253412,het_gp_noadv,2023,6.0
lag_yards_per_target_z,0.011095612295161638,0.00818596150716367,het_gp_noadv,2023,6.0
lag_avg_depth_of_target_z,-0.008443711026603204,0.010295147557920962,het_gp_noadv,2023,6.0
lag_target_share_z,0.029150920386454917,0.013432740275458713,het_gp_noadv,2023,6.0
lag_rush_share_z,0.1376045623295277,0.0170836824689441,het_gp_noadv,2023,6.0
temp_z,-0.0057924793254934374,0.008895029921612077,het_gp_noadv,2023,6.0
wind_z,-0.026232429963788127,0.011096505233255607,het_gp_noadv,2023,6.0
games_missed_ytd_z,-0.07034794694330387,0.011414983782973965,het_gp_noadv,2023,6.0
lag_offense_pct_z,0.15291742031198777,0.013349294087475256,het_gp_noadv,2023,6.0
lag_st_pct_z,-0.08324780148654619,0.01128799622520353,het_gp_noadv,2023,6.0
spread_line_z,-0.002433602241279414,0.007717285930913504,het_gp_asof,2023,6.0
roll_avg_points_allowed_z,-0.007702427257930884,0.008612525118287079,het_gp_asof,2023,6.0
lag_yards_per_rush_attempt_z,-0.0040956176637601425,0.009297295496607525,het_gp_asof,2023,6.0
lag_yards_per_target_z,0.009019738832196412,0.008506466791655523,het_gp_asof,2023,6.0
lag_avg_depth_of_target_z,-0.009541721558024302,0.01077216138174957,het_gp_asof,2023,6.0
lag_target_share_z,0.029635573279369408,0.013674449665898354,het_gp_asof,2023,6.0
lag_rush_share_z,0.13741645973688638,0.018020649655084927,het_gp_asof,2023,6.0
temp_z,-0.006135160507206069,0.008991121752802186,het_gp_asof,2023,6.0
wind_z,-0.026560048877729205,0.0111177100216633,het_gp_asof,2023,6.0
games_missed_ytd_z,-0.0703409153026944,0.010690824524754276,het_gp_asof,2023,6.0
lag_offense_pct_z,0.1524152902406701,0.014192054594704361,het_gp_asof,2023,6.0
lag_st_pct_z,-0.082695362948268,0.011120590046798313,het_gp_asof,2023,6.0
asof_avg_separation_z,-0.014356524297000132,0.012704460143729899,het_gp_asof,2023,6.0
asof_avg_cushion_z,-0.01074489981215954,0.011572599857502471,het_gp_asof,2023,6.0
asof_catch_percentage_z,0.005253865720738761,0.012274285116345174,het_gp_asof,2023,6.0
asof_avg_yac_above_expectation_z,0.02518714911461552,0.01187527957330399,het_gp_asof,2023,6.0
asof_efficiency_z,-0.013673270953064086,0.025537901141221366,het_gp_asof,2023,6.0
asof_percent_attempts_gte_eight_defenders_z,0.01211025443564862,0.020099817016277104,het_gp_asof,2023,6.0
asof_rush_yards_over_expected_per_att_z,0.00007779325575366832,0.023246682193603724,het_gp_asof,2023,6.0
spread_line_z,-0.0029152099547434317,0.008174352507932968,het_gp,2023,6.0
roll_avg_points_allowed_z,-0.007302952370765646,0.007763982408180633,het_gp,2023,6.0
lag_yards_per_rush_attempt_z,-0.0034024797594506217,0.00938096794328871,het_gp,2023,6.0
lag_yards_per_target_z,0.008652505975723585,0.009196855077108613,het_gp,2023,6.0
lag_avg_depth_of_target_z,-0.007484792239153491,0.010198239975146727,het_gp,2023,6.0
lag_target_share_z,0.027761483642490568,0.012664091368010458,het_gp,2023,6.0
lag_rush_share_z,0.1565754778570399,0.0191738293579003,het_gp,2023,6.0
temp_z,-0.005374839445791142,0.00883486323418999,het_gp,2023,6.0
wind_z,-0.026485112263795494,0.011515796711279051,het_gp,2023,6.0
games_missed_ytd_z,-0.06957994641559351,0.011166719960158101,het_gp,2023,6.0
lag_offense_pct_z,0.15115869345642866,0.013278570984529675,het_gp,2023,6.0
lag_st_pct_z,-0.08447887105050801,0.011803725875513576,het_gp,2023,6.0
lag_avg_cushion_z,-0.042367621379902985,0.02624830284815237,het_gp,2023,6.0
lag_avg_yac_above_expectation_z,0.022878703865413845,0.012714956841347947,het_gp,2023,6.0
lag_efficiency_z,-0.07700063604823629,0.025742224618730065,het_gp,2023,6.0
lag_avg_separation_z,0.011124252744529788,0.02429594840175516,het_gp,2023,6.0
lag_catch_percentage_z,-0.00260853958685445,0.02690633321085343,het_gp,2023,6.0
lag_rush_yards_over_expected_per_att_z,-0.0252467812710605,0.016223716142500972,het_gp,2023,6.0
lag_percent_attempts_gte_eight_defenders_z,-0.02562196163439953,0.020355831651092678,het_gp,2023,6.0
spread_line_z,-0.001326770576401574,0.007652995018263116,het_gp_noadv,2023,9.0
roll_avg_points_allowed_z,-0.007400409846181565,0.007570955914381727,het_gp_noadv,2023,9.0
lag_yards_per_rush_attempt_z,-0.0024638082560421884,0.009990159264437056,het_gp_noadv,2023,9.0
lag_yards_per_target_z,0.012692165600926472,0.008157298872386764,het_gp_noadv,2023,9.0
lag_avg_depth_of_target_z,-0.008877653929560884,0.010150181007816271,het_gp_noadv,2023,9.0
lag_target_share_z,0.03260904018700433,0.012679695751931026,het_gp_noadv,2023,9.0
lag_rush_share_z,0.1382468595788313,0.017251052088025028,het_gp_noadv,2023,9.0
temp_z,-0.003813916517707878,0.009104554705155386,het_gp_noadv,2023,9.0
wind_z,-0.027844437986627456,0.010701302768874694,het_gp_noadv,2023,9.0
games_missed_ytd_z,-0.07033362422921725,0.010791721445782304,het_gp_noadv,2023,9.0
lag_offense_pct_z,0.15054009627635961,0.013320918388205401,het_gp_noadv,2023,9.0
lag_st_pct_z,-0.08067500495315424,0.011448783151273527,het_gp_noadv,2023,9.0
spread_line_z,-0.0017556390413009408,0.008186317950262265,het_gp_asof,2023,9.0
roll_avg_points_allowed_z,-0.007480757109762158,0.007882154803590556,het_gp_asof,2023,9.0
lag_yards_per_rush_attempt_z,-0.003118404265820932,0.009028069459153718,het_gp_asof,2023,9.0
lag_yards_per_target_z,0.010681914106832918,0.008635987859234617,het_gp_asof,2023,9.0
lag_avg_depth_of_target_z,-0.009432001825682237,0.010645673653701507,het_gp_asof,2023,9.0
lag_target_share_z,0.03333470057748535,0.012622544527419136,het_gp_asof,2023,9.0
lag_rush_share_z,0.13773584635375985,0.01628785405763313,het_gp_asof,2023,9.0
temp_z,-0.00367662626434712,0.008571707855011927,het_gp_asof,2023,9.0
wind_z,-0.028210276262864327,0.010860354160071847,het_gp_asof,2023,9.0
games_missed_ytd_z,-0.06974885190787793,0.010666631098621959,het_gp_asof,2023,9.0
lag_offense_pct_z,0.15187905048195824,0.013257052328871324,het_gp_asof,2023,9.0
lag_st_pct_z,-0.08070930539963,0.011454251070832823,het_gp_asof,2023,9.0
asof_avg_separation_z,-0.01466388720378898,0.012349810317996068,het_gp_asof,2023,9.0
asof_avg_cushion_z,-0.010267780106964216,0.011603820672227953,het_gp_asof,2023,9.0
asof_catch_percentage_z,0.00797617547565387,0.011907488178397251,het_gp_asof,2023,9.0
asof_avg_yac_above_expectation_z,0.02241519980937051,0.01144012149011251,het_gp_asof,2023,9.0
asof_efficiency_z,-0.01932486108457829,0.02366046183397857,het_gp_asof,2023,9.0
asof_percent_attempts_gte_eight_defenders_z,0.008691824155072332,0.019727309520533098,het_gp_asof,2023,9.0
asof_rush_yards_over_expected_per_att_z,0.0025107765048174367,0.021727961676617707,het_gp_asof,2023,9.0
spread_line_z,-0.001993358715777798,0.00789457616381015,het_gp,2023,9.0
roll_avg_points_allowed_z,-0.007189449666426677,0.008316448424164128,het_gp,2023,9.0
lag_yards_per_rush_attempt_z,-0.0023014782430834982,0.008960482403162563,het_gp,2023,9.0
lag_yards_per_target_z,0.010764792123950906,0.008039273873979774,het_gp,2023,9.0
lag_avg_depth_of_target_z,-0.008099210812779369,0.010247368080538765,het_gp,2023,9.0
lag_target_share_z,0.0316591491412005,0.013156240376712156,het_gp,2023,9.0
lag_rush_share_z,0.15720292871396213,0.019033538188476296,het_gp,2023,9.0
temp_z,-0.003132813649108571,0.008647921519666526,het_gp,2023,9.0
wind_z,-0.027992589681268686,0.010785063237500052,het_gp,2023,9.0
games_missed_ytd_z,-0.06880059705915711,0.01035812054699277,het_gp,2023,9.0
lag_offense_pct_z,0.14913885165893004,0.013889864512172036,het_gp,2023,9.0
lag_st_pct_z,-0.08071959336911666,0.011472137470003169,het_gp,2023,9.0
lag_avg_cushion_z,-0.049171441820487084,0.026116698328097872,het_gp,2023,9.0
lag_avg_yac_above_expectation_z,0.015888560410002594,0.012345439466076488,het_gp,2023,9.0
lag_efficiency_z,-0.07262443751021835,0.024390739132251527,het_gp,2023,9.0
lag_avg_separation_z,0.012544179656193545,0.026045580644557524,het_gp,2023,9.0
lag_catch_percentage_z,0.005132331028614884,0.02613397778748051,het_gp,2023,9.0
lag_rush_yards_over_expected_per_att_z,-0.021861829596036268,0.014305510280276825,het_gp,2023,9.0
lag_percent_attempts_gte_eight_defenders_z,-0.026301565336914565,0.019583203376557612,het_gp,2023,9.0
spread_line_z,-0.00037104756731918593,0.007114201817139891,het_gp_noadv,2023,12.0
roll_avg_points_allowed_z,-0.00712161180600034,0.0075437333412973,het_gp_noadv,2023,12.0
lag_yards_per_rush_attempt_z,-0.00007827028343021233,0.008962217404029166,het_gp_noadv,2023,12.0
lag_yards_per_target_z,0.013152621660149171,0.00830136626650091,het_gp_noadv,2023,12.0
lag_avg_depth_of_target_z,-0.010448682266918084,0.010338868339083847,het_gp_noadv,2023,12.0
lag_target_share_z,0.034731258832094845,0.012353944247562301,het_gp_noadv,2023,12.0
lag_rush_share_z,0.13926273727877916,0.015908700690173687,het_gp_noadv,2023,12.0
temp_z,-0.004358255004297851,0.008836748711377537,het_gp_noadv,2023,12.0
wind_z,-0.025772318496452094,0.010427579708134935,het_gp_noadv,2023,12.0
games_missed_ytd_z,-0.07244277600201043,0.01039354689665801,het_gp_noadv,2023,12.0
lag_offense_pct_z,0.15167783951088046,0.013046337337311491,het_gp_noadv,2023,12.0
lag_st_pct_z,-0.07854209409397903,0.011510717176052735,het_gp_noadv,2023,12.0
spread_line_z,-0.000896198896732043,0.007288625352510865,het_gp_asof,2023,12.0
roll_avg_points_allowed_z,-0.007059230763033705,0.007416000343914708,het_gp_asof,2023,12.0
lag_yards_per_rush_attempt_z,-0.0011165383767219746,0.009336968413374955,het_gp_asof,2023,12.0
lag_yards_per_target_z,0.010471324735488353,0.008575361113107697,het_gp_asof,2023,12.0
lag_avg_depth_of_target_z,-0.010937063870846976,0.010431710324409234,het_gp_asof,2023,12.0
lag_target_share_z,0.035128513022795994,0.012430846370252642,het_gp_asof,2023,12.0
lag_rush_share_z,0.1384745860086777,0.016590069573354505,het_gp_asof,2023,12.0
temp_z,-0.004505139565649645,0.008562964598092507,het_gp_asof,2023,12.0
wind_z,-0.026804689886759818,0.010512751946968888,het_gp_asof,2023,12.0
games_missed_ytd_z,-0.07247390942326051,0.010124534232261737,het_gp_asof,2023,12.0
lag_offense_pct_z,0.15251801779207352,0.013114862460528159,het_gp_asof,2023,12.0
lag_st_pct_z,-0.0783179534426465,0.010584198772975768,het_gp_asof,2023,12.0
asof_avg_separation_z,-0.015892331702555326,0.01209474120605726,het_gp_asof,2023,12.0
asof_avg_cushion_z,-0.009652245633664926,0.011646280500129051,het_gp_asof,2023,12.0
asof_catch_percentage_z,0.014050273938625362,0.011935034186751408,het_gp_asof,2023,12.0
asof_avg_yac_above_expectation_z,0.022586078285311152,0.010988042812923746,het_gp_asof,2023,12.0
asof_efficiency_z,-0.01960033658845508,0.023260495635332112,het_gp_asof,2023,12.0
asof_percent_attempts_gte_eight_defenders_z,0.010804367986847165,0.018876171381180182,het_gp_asof,2023,12.0
asof_rush_yards_over_expected_per_att_z,0.005948966371541594,0.021643600265962057,het_gp_asof,2023,12.0
spread_line_z,-0.0016255994182636363,0.007478688111129686,het_gp,2023,12.0
roll_avg_points_allowed_z,-0.0065776289164727565,0.007803464721360886,het_gp,2023,12.0
lag_yards_per_rush_attempt_z,-0.001336894934744516,0.009057433786509493,het_gp,2023,12.0
lag_yards_per_target_z,0.010560623556681201,0.007810595554225609,het_gp,2023,12.0
lag_avg_depth_of_target_z,-0.00935167972777753,0.010044391914743406,het_gp,2023,12.0
lag_target_share_z,0.03352884015652782,0.012631082640487828,het_gp,2023,12.0
lag_rush_share_z,0.16223665114029184,0.018083600310757963,het_gp,2023,12.0
temp_z,-0.0038161386394839646,0.008152063074551411,het_gp,2023,12.0
wind_z,-0.026040684993406414,0.010707864464869472,het_gp,2023,12.0
games_missed_ytd_z,-0.07148381926850601,0.010067542601599705,het_gp,2023,12.0
lag_offense_pct_z,0.14910962258654453,0.0131371842078144,het_gp,2023,12.0
lag_st_pct_z,-0.07931924926473603,0.01110290271823818,het_gp,2023,12.0
lag_avg_cushion_z,-0.04307059615270523,0.02434972847240229,het_gp,2023,12.0
lag_avg_yac_above_expectation_z,0.016693137469255343,0.012713937471767314,het_gp,2023,12.0
lag_efficiency_z,-0.0822496608096687,0.024557881514204405,het_gp,2023,12.0
lag_avg_separation_z,0.01253407544418724,0.024202595207896357,het_gp,2023,12.0
lag_catch_percentage_z,0.012494620902308538,0.025665801305169683,het_gp,2023,12.0
lag_rush_yards_over_expected_per_att_z,-0.017507869784667663,0.014551161456870607,het_gp,2023,12.0
lag_percent_attempts_gte_eight_defenders_z,-0.02195403454933758,0.019249801981668674,het_gp,2023,12.0
spread_line_z,0.002932559187902397,0.006833506076304352,het_gp_noadv,2023,15.0
roll_avg_points_allowed_z,-0.005241879342165323,0.007390949049980765,het_gp_noadv,2023,15.0
lag_yards_per_rush_attempt_z,0.0012528191969470458,0.008517657862763992,het_gp_noadv,2023,15.0
lag_yards_per_target_z,0.011969891967459418,0.007421764176830208,het_gp_noadv,2023,15.0
lag_avg_depth_of_target_z,-0.011774622468715641,0.009502684772566947,het_gp_noadv,2023,15.0
lag_target_share_z,0.03508344642063371,0.011647403338798273,het_gp_noadv,2023,15.0
lag_rush_share_z,0.14018940919938178,0.015552043937601658,het_gp_noadv,2023,15.0
temp_z,-0.003531987187668823,0.008296485344092898,het_gp_noadv,2023,15.0
wind_z,-0.02003117160809748,0.010024991578696688,het_gp_noadv,2023,15.0
games_missed_ytd_z,-0.07358573818003418,0.01023264643046942,het_gp_noadv,2023,15.0
lag_offense_pct_z,0.15186507590319218,0.012481062791047355,het_gp_noadv,2023,15.0
lag_st_pct_z,-0.07711408409212789,0.010821073567048959,het_gp_noadv,2023,15.0
spread_line_z,0.002502387060251376,0.006743512354002979,het_gp_asof,2023,15.0
roll_avg_points_allowed_z,-0.0053859793160783214,0.007673838926187396,het_gp_asof,2023,15.0
lag_yards_per_rush_attempt_z,9.456923738255704e-6,0.008612900480552538,het_gp_asof,2023,15.0
lag_yards_per_target_z,0.00928781209340373,0.008107052826867083,het_gp_asof,2023,15.0
lag_avg_depth_of_target_z,-0.011644418525354245,0.010162844410840227,het_gp_asof,2023,15.0
lag_target_share_z,0.03555882915453478,0.011893949028630153,het_gp_asof,2023,15.0
lag_rush_share_z,0.13893199790540178,0.0158411764290835,het_gp_asof,2023,15.0
temp_z,-0.00317852240213404,0.007704464572348737,het_gp_asof,2023,15.0
wind_z,-0.021163354552146463,0.01056086176301826,het_gp_asof,2023,15.0
games_missed_ytd_z,-0.07277686250725787,0.009987672243308997,het_gp_asof,2023,15.0
lag_offense_pct_z,0.15229778009770256,0.012458750535560968,het_gp_asof,2023,15.0
lag_st_pct_z,-0.07628827390585786,0.010450819581358127,het_gp_asof,2023,15.0
asof_avg_separation_z,-0.010141914838218977,0.011792738751388507,het_gp_asof,2023,15.0
asof_avg_cushion_z,-0.011317889276408382,0.010977202568090785,het_gp_asof,2023,15.0
asof_catch_percentage_z,0.010031677541214798,0.011180764047322404,het_gp_asof,2023,15.0
asof_avg_yac_above_expectation_z,0.017120497410601388,0.01062484952864143,het_gp_asof,2023,15.0
asof_efficiency_z,-0.014911883772246445,0.02131558454681458,het_gp_asof,2023,15.0
asof_percent_attempts_gte_eight_defenders_z,0.0015263008599006955,0.018857087964176334,het_gp_asof,2023,15.0
asof_rush_yards_over_expected_per_att_z,0.008155938001036074,0.020836221359927565,het_gp_asof,2023,15.0
spread_line_z,0.0020936042295417565,0.006842881198328072,het_gp,2023,15.0
roll_avg_points_allowed_z,-0.004644399285414792,0.006796624572468104,het_gp,2023,15.0
lag_yards_per_rush_attempt_z,0.0006425598769739881,0.00916752819058981,het_gp,2023,15.0
lag_yards_per_target_z,0.0102359035516538,0.008476072097182184,het_gp,2023,15.0
lag_avg_depth_of_target_z,-0.011296591111121492,0.009763593252826323,het_gp,2023,15.0
lag_target_share_z,0.03412109092871611,0.011922819634708301,het_gp,2023,15.0
lag_rush_share_z,0.15871617404579683,0.017513206144926484,het_gp,2023,15.0
temp_z,-0.0033811737363569345,0.007777806198103338,het_gp,2023,15.0
wind_z,-0.019926795979531165,0.009801293515740175,het_gp,2023,15.0
games_missed_ytd_z,-0.07233484772863281,0.009674246373878367,het_gp,2023,15.0
lag_offense_pct_z,0.14985376041169732,0.012541607437898462,het_gp,2023,15.0
lag_st_pct_z,-0.07699291695917358,0.011136107360912539,het_gp,2023,15.0
lag_avg_cushion_z,-0.05244227351621053,0.02457677081278478,het_gp,2023,15.0
lag_avg_yac_above_expectation_z,0.008531160872737439,0.011392043020469339,het_gp,2023,15.0
lag_efficiency_z,-0.0790963385949039,0.02445278177435964,het_gp,2023,15.0
lag_avg_separation_z,0.026679734834356334,0.022915364456163795,het_gp,2023,15.0
lag_catch_percentage_z,-0.005861177431727064,0.024419862143782896,het_gp,2023,15.0
lag_rush_yards_over_expected_per_att_z,-0.018910975791399522,0.014258550318928273,het_gp,2023,15.0
lag_percent_attempts_gte_eight_defenders_z,-0.0262819885816519,0.017111561721812673,het_gp,2023,15.0
spread_line_z,0.01328309325129119,0.0077958272037104565,het_gp_noadv,2024,6.0
roll_avg_points_allowed_z,-0.012723753833120426,0.00820866366033909,het_gp_noadv,2024,6.0
lag_yards_per_rush_attempt_z,0.004879324350129291,0.009551783742821458,het_gp_noadv,2024,6.0
lag_yards_per_target_z,0.008059251840764751,0.008558261170436064,het_gp_noadv,2024,6.0
lag_avg_depth_of_target_z,-0.009978235261840688,0.011071909647904119,het_gp_noadv,2024,6.0
lag_target_share_z,0.05248955937738634,0.013629006414733821,het_gp_noadv,2024,6.0
lag_rush_share_z,0.16318071755082555,0.017792755499427635,het_gp_noadv,2024,6.0
temp_z,-0.01205487781684658,0.009323769732024456,het_gp_noadv,2024,6.0
wind_z,-0.017615917648402733,0.012610453957667096,het_gp_noadv,2024,6.0
games_missed_ytd_z,-0.05702979916293382,0.010920545054202414,het_gp_noadv,2024,6.0
lag_offense_pct_z,0.15960297800810658,0.014275085353545353,het_gp_noadv,2024,6.0
lag_st_pct_z,-0.08891725029504008,0.01134580353550271,het_gp_noadv,2024,6.0
spread_line_z,0.013839587085143022,0.0077144638553054475,het_gp_asof,2024,6.0
roll_avg_points_allowed_z,-0.012430570128876663,0.008387408364950784,het_gp_asof,2024,6.0
lag_yards_per_rush_attempt_z,0.0017878935682900086,0.009406494069639688,het_gp_asof,2024,6.0
lag_yards_per_target_z,0.006391307458260262,0.008830061749889224,het_gp_asof,2024,6.0
lag_avg_depth_of_target_z,-0.008421662526356271,0.010157459381078171,het_gp_asof,2024,6.0
lag_target_share_z,0.05284203302236296,0.013587384527824885,het_gp_asof,2024,6.0
lag_rush_share_z,0.16558537286849773,0.01734983380222617,het_gp_asof,2024,6.0
temp_z,-0.012940816285905354,0.009180449984147628,het_gp_asof,2024,6.0
wind_z,-0.017776079763411348,0.011669464556086964,het_gp_asof,2024,6.0
games_missed_ytd_z,-0.057519291671714524,0.010603029699375297,het_gp_asof,2024,6.0
lag_offense_pct_z,0.16165975653593784,0.014029829435682505,het_gp_asof,2024,6.0
lag_st_pct_z,-0.08965986119640001,0.011938130033941799,het_gp_asof,2024,6.0
asof_avg_separation_z,-0.0010781781364424417,0.012777449747575087,het_gp_asof,2024,6.0
asof_avg_cushion_z,-0.001926706934637595,0.012581992767207766,het_gp_asof,2024,6.0
asof_catch_percentage_z,0.012670118306629502,0.012767063341252166,het_gp_asof,2024,6.0
asof_avg_yac_above_expectation_z,0.008176828397662603,0.011914333805104978,het_gp_asof,2024,6.0
asof_efficiency_z,0.01802003569429599,0.023516778913164196,het_gp_asof,2024,6.0
asof_percent_attempts_gte_eight_defenders_z,0.005462397953825885,0.0204215385581618,het_gp_asof,2024,6.0
asof_rush_yards_over_expected_per_att_z,0.056055008763835325,0.024345542358842356,het_gp_asof,2024,6.0
spread_line_z,0.012879358960154097,0.007824090660342498,het_gp,2024,6.0
roll_avg_points_allowed_z,-0.01320244731398508,0.0077880150019498575,het_gp,2024,6.0
lag_yards_per_rush_attempt_z,0.0022608148662471975,0.009406576404928403,het_gp,2024,6.0
lag_yards_per_target_z,0.00707812452454274,0.008521646403715244,het_gp,2024,6.0
lag_avg_depth_of_target_z,-0.008639437913042275,0.01052649505747726,het_gp,2024,6.0
lag_target_share_z,0.051405472731926694,0.013087436106496634,het_gp,2024,6.0
lag_rush_share_z,0.19758948899596002,0.018795288220476162,het_gp,2024,6.0
temp_z,-0.011262825188344355,0.009108186720103134,het_gp,2024,6.0
wind_z,-0.016162979046989684,0.011680193329359208,het_gp,2024,6.0
games_missed_ytd_z,-0.05603170953471136,0.010631765059470829,het_gp,2024,6.0
lag_offense_pct_z,0.1540328302110027,0.014262064273366768,het_gp,2024,6.0
lag_st_pct_z,-0.089428998091976,0.011827656100102025,het_gp,2024,6.0
lag_avg_cushion_z,-0.01825454616165113,0.027893089819414255,het_gp,2024,6.0
lag_avg_yac_above_expectation_z,-0.0020804006465698056,0.012230682217756694,het_gp,2024,6.0
lag_efficiency_z,-0.0895395469806966,0.02769381516875454,het_gp,2024,6.0
lag_avg_separation_z,0.05015826707940754,0.028081496021619377,het_gp,2024,6.0
lag_catch_percentage_z,-0.0172104537468436,0.0308231645692805,het_gp,2024,6.0
lag_rush_yards_over_expected_per_att_z,-0.0067710292706506066,0.015370210046249808,het_gp,2024,6.0
lag_percent_attempts_gte_eight_defenders_z,-0.0181422959458604,0.019531938673044827,het_gp,2024,6.0
spread_line_z,0.010862078802314075,0.007552166520062889,het_gp_noadv,2024,9.0
roll_avg_points_allowed_z,-0.012768856252844265,0.007723975260604728,het_gp_noadv,2024,9.0
lag_yards_per_rush_attempt_z,0.0039131880827611085,0.008762024697476481,het_gp_noadv,2024,9.0
lag_yards_per_target_z,0.005840247743996302,0.008002693053965528,het_gp_noadv,2024,9.0
lag_avg_depth_of_target_z,-0.010195362704103062,0.01058196248368238,het_gp_noadv,2024,9.0
lag_target_share_z,0.05692997381092349,0.011735568420329556,het_gp_noadv,2024,9.0
lag_rush_share_z,0.16015482693331468,0.017097025836749297,het_gp_noadv,2024,9.0
temp_z,-0.00996381081799099,0.008850662273839374,het_gp_noadv,2024,9.0
wind_z,-0.013494921091299664,0.010863212921167998,het_gp_noadv,2024,9.0
games_missed_ytd_z,-0.05643407831096425,0.01005840543115351,het_gp_noadv,2024,9.0
lag_offense_pct_z,0.15339711546245227,0.012340980893922231,het_gp_noadv,2024,9.0
lag_st_pct_z,-0.08597751276095633,0.011260094171429895,het_gp_noadv,2024,9.0
spread_line_z,0.011220392177051865,0.007644612157839635,het_gp_asof,2024,9.0
roll_avg_points_allowed_z,-0.012731053506133657,0.007998205436724103,het_gp_asof,2024,9.0
lag_yards_per_rush_attempt_z,-0.00047047837139842095,0.009681496902113456,het_gp_asof,2024,9.0
lag_yards_per_target_z,0.004386970470165701,0.009046015665583804,het_gp_asof,2024,9.0
lag_avg_depth_of_target_z,-0.008821877602766088,0.01003535491013786,het_gp_asof,2024,9.0
lag_target_share_z,0.05784567870812439,0.012321175653003618,het_gp_asof,2024,9.0
lag_rush_share_z,0.16550423761988586,0.01730810455089847,het_gp_asof,2024,9.0
temp_z,-0.010130875686649622,0.008362697061625304,het_gp_asof,2024,9.0
wind_z,-0.013620028638643967,0.012015049992656327,het_gp_asof,2024,9.0
games_missed_ytd_z,-0.05586043220561454,0.010075012891119563,het_gp_asof,2024,9.0
lag_offense_pct_z,0.15358810762478992,0.013298644901099919,het_gp_asof,2024,9.0
lag_st_pct_z,-0.08605163409736268,0.01122371672985297,het_gp_asof,2024,9.0
asof_avg_separation_z,0.0031372235495344854,0.012830762496246297,het_gp_asof,2024,9.0
asof_avg_cushion_z,-0.002075750298831777,0.011809320173870454,het_gp_asof,2024,9.0
asof_catch_percentage_z,0.010349631909754119,0.012775594540102995,het_gp_asof,2024,9.0
asof_avg_yac_above_expectation_z,0.006766343169495819,0.011139877421789538,het_gp_asof,2024,9.0
asof_efficiency_z,0.010471707486628474,0.022860779558539972,het_gp_asof,2024,9.0
asof_percent_attempts_gte_eight_defenders_z,0.009034748314913108,0.018473239757509755,het_gp_asof,2024,9.0
asof_rush_yards_over_expected_per_att_z,0.06530439029970826,0.022791792373961676,het_gp_asof,2024,9.0
spread_line_z,0.01078495761009797,0.007607823198957786,het_gp,2024,9.0
roll_avg_points_allowed_z,-0.013058850520755642,0.008405218259912526,het_gp,2024,9.0
lag_yards_per_rush_attempt_z,0.00048698712026594274,0.008593096872420405,het_gp,2024,9.0
lag_yards_per_target_z,0.0053192150827637156,0.00837498533865463,het_gp,2024,9.0
lag_avg_depth_of_target_z,-0.00883566856359869,0.010268734814691677,het_gp,2024,9.0
lag_target_share_z,0.05496132861578392,0.012672429619876281,het_gp,2024,9.0
lag_rush_share_z,0.19444648120418212,0.018839133251439107,het_gp,2024,9.0
temp_z,-0.008935624917389353,0.009189926568107734,het_gp,2024,9.0
wind_z,-0.012426827363562928,0.011526375734350319,het_gp,2024,9.0
games_missed_ytd_z,-0.05504172377480904,0.010351313402470488,het_gp,2024,9.0
lag_offense_pct_z,0.1473325640600612,0.01328809894772303,het_gp,2024,9.0
lag_st_pct_z,-0.086203016175936,0.011152339951706497,het_gp,2024,9.0
lag_avg_cushion_z,-0.019883253693856576,0.028203478285264073,het_gp,2024,9.0
lag_avg_yac_above_expectation_z,-0.0053904905534269435,0.013340388030198722,het_gp,2024,9.0
lag_efficiency_z,-0.0833058034679251,0.026107110829071658,het_gp,2024,9.0
lag_avg_separation_z,0.056510175965101474,0.026214982231976068,het_gp,2024,9.0
lag_catch_percentage_z,-0.020839271790554056,0.026319306671399437,het_gp,2024,9.0
lag_rush_yards_over_expected_per_att_z,0.002078445497432387,0.015230193083283229,het_gp,2024,9.0
lag_percent_attempts_gte_eight_defenders_z,-0.01609643492172052,0.019927087664030584,het_gp,2024,9.0
spread_line_z,0.01262736722619285,0.007647969281888699,het_gp_noadv,2024,12.0
roll_avg_points_allowed_z,-0.012895397250356221,0.007122010757132943,het_gp_noadv,2024,12.0
lag_yards_per_rush_attempt_z,0.005960593150862771,0.008683872644158597,het_gp_noadv,2024,12.0
lag_yards_per_target_z,0.00558589482432349,0.008080281228311479,het_gp_noadv,2024,12.0
lag_avg_depth_of_target_z,-0.0102560019026044,0.009743976602103693,het_gp_noadv,2024,12.0
lag_target_share_z,0.059591189257008126,0.012229517157520037,het_gp_noadv,2024,12.0
lag_rush_share_z,0.15801911733683396,0.017548764264103105,het_gp_noadv,2024,12.0
temp_z,-0.006454852517783825,0.008847794994626056,het_gp_noadv,2024,12.0
wind_z,-0.009490074588779826,0.010424715647050643,het_gp_noadv,2024,12.0
games_missed_ytd_z,-0.05491834236186919,0.010150191428710757,het_gp_noadv,2024,12.0
lag_offense_pct_z,0.14959980529596714,0.013229642864406935,het_gp_noadv,2024,12.0
lag_st_pct_z,-0.08107667624887567,0.011510433876298643,het_gp_noadv,2024,12.0
spread_line_z,0.01299538059925552,0.006825493208084239,het_gp_asof,2024,12.0
roll_avg_points_allowed_z,-0.012498928278669373,0.0074169046275674565,het_gp_asof,2024,12.0
lag_yards_per_rush_attempt_z,0.0027368420468357945,0.008494690729656524,het_gp_asof,2024,12.0
lag_yards_per_target_z,0.004128868708995029,0.0082584697999466,het_gp_asof,2024,12.0
lag_avg_depth_of_target_z,-0.00885609434138844,0.009811722500259332,het_gp_asof,2024,12.0
lag_target_share_z,0.060119413489330746,0.012285268117546842,het_gp_asof,2024,12.0
lag_rush_share_z,0.16027508538233523,0.01687944420131553,het_gp_asof,2024,12.0
temp_z,-0.006496277124245353,0.008834155496874007,het_gp_asof,2024,12.0
wind_z,-0.009827798054746966,0.011481041249913946,het_gp_asof,2024,12.0
games_missed_ytd_z,-0.05435034815757837,0.010404062247276854,het_gp_asof,2024,12.0
lag_offense_pct_z,0.150927037569617,0.013174902674112109,het_gp_asof,2024,12.0
lag_st_pct_z,-0.08052499095441229,0.01126363565053289,het_gp_asof,2024,12.0
asof_avg_separation_z,-0.002046633417004074,0.012235914440540436,het_gp_asof,2024,12.0
asof_avg_cushion_z,0.00035719063336399256,0.01076651901201675,het_gp_asof,2024,12.0
asof_catch_percentage_z,0.011684596815264322,0.012349116553291187,het_gp_asof,2024,12.0
asof_avg_yac_above_expectation_z,0.004025123052892315,0.011479688133085253,het_gp_asof,2024,12.0
asof_efficiency_z,0.01326816310858394,0.022392725167207406,het_gp_asof,2024,12.0
asof_percent_attempts_gte_eight_defenders_z,0.007410751955873767,0.019851969291120087,het_gp_asof,2024,12.0
asof_rush_yards_over_expected_per_att_z,0.06245694162761406,0.021793067707689708,het_gp_asof,2024,12.0
spread_line_z,0.012014845646811293,0.007460599282489256,het_gp,2024,12.0
roll_avg_points_allowed_z,-0.012804025037933256,0.007896339248584907,het_gp,2024,12.0
lag_yards_per_rush_attempt_z,0.0026357487642978588,0.009582287823757122,het_gp,2024,12.0
lag_yards_per_target_z,0.004430511860149082,0.008374168977027066,het_gp,2024,12.0
lag_avg_depth_of_target_z,-0.009014301207431899,0.00980702014962305,het_gp,2024,12.0
lag_target_share_z,0.05686165444661074,0.012211171841279692,het_gp,2024,12.0
lag_rush_share_z,0.19379869995855006,0.0176810837153836,het_gp,2024,12.0
temp_z,-0.005883093423305758,0.008436843437413544,het_gp,2024,12.0
wind_z,-0.008429446975833393,0.011155635645555297,het_gp,2024,12.0
games_missed_ytd_z,-0.05372725735083941,0.009666386988849114,het_gp,2024,12.0
lag_offense_pct_z,0.1438010598376666,0.012671640742540798,het_gp,2024,12.0
lag_st_pct_z,-0.08107118165308436,0.011525615936220352,het_gp,2024,12.0
lag_avg_cushion_z,-0.002855180503690525,0.027178298330684456,het_gp,2024,12.0
lag_avg_yac_above_expectation_z,-0.007424991051400417,0.011722944815857434,het_gp,2024,12.0
lag_efficiency_z,-0.08259225868738418,0.025772171394247124,het_gp,2024,12.0
lag_avg_separation_z,0.050985065553004645,0.024713804960026283,het_gp,2024,12.0
lag_catch_percentage_z,-0.014688960532743217,0.02622735370959788,het_gp,2024,12.0
lag_rush_yards_over_expected_per_att_z,0.0003319638189033813,0.01456631668560012,het_gp,2024,12.0
lag_percent_attempts_gte_eight_defenders_z,-0.016329872204008427,0.01889837334560479,het_gp,2024,12.0
spread_line_z,0.012556047448793448,0.0066249178175656455,het_gp_noadv,2024,15.0
roll_avg_points_allowed_z,-0.015448186522391523,0.007287234760949504,het_gp_noadv,2024,15.0
lag_yards_per_rush_attempt_z,0.007896062513552656,0.00849359103149588,het_gp_noadv,2024,15.0
lag_yards_per_target_z,0.007755670692556217,0.007851279929022072,het_gp_noadv,2024,15.0
lag_avg_depth_of_target_z,-0.012027275014629234,0.009462893827687956,het_gp_noadv,2024,15.0
lag_target_share_z,0.057333152555694,0.011419861660592542,het_gp_noadv,2024,15.0
lag_rush_share_z,0.14850935681506744,0.015805855973263148,het_gp_noadv,2024,15.0
temp_z,-0.00991442040899593,0.007467045486268466,het_gp_noadv,2024,15.0
wind_z,-0.012221383410498901,0.011154498964807105,het_gp_noadv,2024,15.0
games_missed_ytd_z,-0.05915113732436437,0.00992340577228531,het_gp_noadv,2024,15.0
lag_offense_pct_z,0.15112293737554472,0.012485469878302995,het_gp_noadv,2024,15.0
lag_st_pct_z,-0.07859786146884833,0.010398775480551483,het_gp_noadv,2024,15.0
spread_line_z,0.012322100914676457,0.007567691874122713,het_gp_asof,2024,15.0
roll_avg_points_allowed_z,-0.015099628481132384,0.007149134484912431,het_gp_asof,2024,15.0
lag_yards_per_rush_attempt_z,0.003924835907916154,0.008604154850373621,het_gp_asof,2024,15.0
lag_yards_per_target_z,0.006485327228841427,0.007805601714959794,het_gp_asof,2024,15.0
lag_avg_depth_of_target_z,-0.011025550987099274,0.008967338255539746,het_gp_asof,2024,15.0
lag_target_share_z,0.05948763286637012,0.01254099883301657,het_gp_asof,2024,15.0
lag_rush_share_z,0.15097924887459022,0.01601503289559428,het_gp_asof,2024,15.0
temp_z,-0.010328300951614624,0.008138196774571888,het_gp_asof,2024,15.0
wind_z,-0.01284161043956019,0.010235596808124345,het_gp_asof,2024,15.0
games_missed_ytd_z,-0.059657542878501876,0.009187674139196335,het_gp_asof,2024,15.0
lag_offense_pct_z,0.15257305085748402,0.012680289632412424,het_gp_asof,2024,15.0
lag_st_pct_z,-0.08015535658418517,0.01037819292388787,het_gp_asof,2024,15.0
asof_avg_separation_z,0.002808386594185688,0.011964993497803078,het_gp_asof,2024,15.0
asof_avg_cushion_z,-0.0009555033488301715,0.010655399844739302,het_gp_asof,2024,15.0
asof_catch_percentage_z,0.008337493446637532,0.011876905474363944,het_gp_asof,2024,15.0
asof_avg_yac_above_expectation_z,0.008035731564163855,0.011291994069541221,het_gp_asof,2024,15.0
asof_efficiency_z,0.013755772849530884,0.02130845673041553,het_gp_asof,2024,15.0
asof_percent_attempts_gte_eight_defenders_z,0.012859306421944269,0.018020487512745254,het_gp_asof,2024,15.0
asof_rush_yards_over_expected_per_att_z,0.06512087720434961,0.021452867602457893,het_gp_asof,2024,15.0
spread_line_z,0.011893973295617182,0.007098029495455883,het_gp,2024,15.0
roll_avg_points_allowed_z,-0.01605154116173742,0.00735086726032363,het_gp,2024,15.0
lag_yards_per_rush_attempt_z,0.003895444906544536,0.008554809362379984,het_gp,2024,15.0
lag_yards_per_target_z,0.007011829072177816,0.007825722317287037,het_gp,2024,15.0
lag_avg_depth_of_target_z,-0.011163144809816873,0.009646242012671658,het_gp,2024,15.0
lag_target_share_z,0.055882100116650804,0.011716721274810318,het_gp,2024,15.0
lag_rush_share_z,0.17907722797086154,0.017564729908424944,het_gp,2024,15.0
temp_z,-0.009499644794457085,0.008009041613957128,het_gp,2024,15.0
wind_z,-0.013020283597032618,0.010874371067992317,het_gp,2024,15.0
games_missed_ytd_z,-0.05836512267581364,0.010066727578441955,het_gp,2024,15.0
lag_offense_pct_z,0.14577750455263258,0.012665135601464358,het_gp,2024,15.0
lag_st_pct_z,-0.07934572281193202,0.01025375241928864,het_gp,2024,15.0
lag_avg_cushion_z,-0.0078420622857228,0.02449469393288871,het_gp,2024,15.0
lag_avg_yac_above_expectation_z,-0.0024065341937551782,0.012449109663507667,het_gp,2024,15.0
lag_efficiency_z,-0.08105558990300783,0.024754540624244963,het_gp,2024,15.0
lag_avg_separation_z,0.06139456425598427,0.025430004267130973,het_gp,2024,15.0
lag_catch_percentage_z,-0.028608679606391615,0.024775075966948227,het_gp,2024,15.0
lag_rush_yards_over_expected_per_att_z,0.002957173387506614,0.014429427115953982,het_gp,2024,15.0
lag_percent_attempts_gte_eight_defenders_z,-0.007492554804652971,0.01745621744393509,het_gp,2024,15.0
spread_line_z,0.008976738458305185,0.0075275679136918875,het_gp_noadv,2025,6.0
roll_avg_points_allowed_z,-0.0133648903596717,0.008197271247439051,het_gp_noadv,2025,6.0
lag_yards_per_rush_attempt_z,0.012223574582629267,0.009192318982769593,het_gp_noadv,2025,6.0
lag_yards_per_target_z,0.008690156166178124,0.00854913933611765,het_gp_noadv,2025,6.0
lag_avg_depth_of_target_z,-0.01629200103418269,0.011041347718724804,het_gp_noadv,2025,6.0
lag_target_share_z,0.06930116613780149,0.013168636591807746,het_gp_noadv,2025,6.0
lag_rush_share_z,0.13591148197973207,0.01858453350824623,het_gp_noadv,2025,6.0
temp_z,-0.017559706131125535,0.009330437180435105,het_gp_noadv,2025,6.0
wind_z,-0.0169056354320958,0.011254210425732367,het_gp_noadv,2025,6.0
games_missed_ytd_z,-0.052087845856670076,0.011925998790961947,het_gp_noadv,2025,6.0
lag_offense_pct_z,0.15750042650734744,0.013722542858737339,het_gp_noadv,2025,6.0
lag_st_pct_z,-0.0688752096999739,0.012139063783034126,het_gp_noadv,2025,6.0
spread_line_z,0.0090803396445024,0.007591403914898495,het_gp_asof,2025,6.0
roll_avg_points_allowed_z,-0.013273158796582942,0.008559758213156627,het_gp_asof,2025,6.0
lag_yards_per_rush_attempt_z,0.007997364647033716,0.009689850855669334,het_gp_asof,2025,6.0
lag_yards_per_target_z,0.008227520976192563,0.008698024579711848,het_gp_asof,2025,6.0
lag_avg_depth_of_target_z,-0.016012106961880008,0.011081759016291392,het_gp_asof,2025,6.0
lag_target_share_z,0.07122480496025267,0.013824575448922748,het_gp_asof,2025,6.0
lag_rush_share_z,0.13908023758870652,0.01739273562467157,het_gp_asof,2025,6.0
temp_z,-0.018864766734461778,0.008974672830983955,het_gp_asof,2025,6.0
wind_z,-0.017116368836237277,0.012093207028672339,het_gp_asof,2025,6.0
games_missed_ytd_z,-0.05388559718174804,0.011416323567985947,het_gp_asof,2025,6.0
lag_offense_pct_z,0.1585678519466844,0.014539997213149669,het_gp_asof,2025,6.0
lag_st_pct_z,-0.06951910025895186,0.012082908866924279,het_gp_asof,2025,6.0
asof_avg_separation_z,-0.004212856718876904,0.013314548389727964,het_gp_asof,2025,6.0
asof_avg_cushion_z,0.009153469020460435,0.012467691272934428,het_gp_asof,2025,6.0
asof_catch_percentage_z,0.0047084925403408015,0.013912223860860802,het_gp_asof,2025,6.0
asof_avg_yac_above_expectation_z,0.013138395732518182,0.01156648634057824,het_gp_asof,2025,6.0
asof_efficiency_z,-0.0032828952909886517,0.023336348520311377,het_gp_asof,2025,6.0
asof_percent_attempts_gte_eight_defenders_z,0.002949996479218034,0.019054918990688268,het_gp_asof,2025,6.0
asof_rush_yards_over_expected_per_att_z,0.054186250565541605,0.023737952650976578,het_gp_asof,2025,6.0
spread_line_z,0.00877875569053674,0.00746535018867027,het_gp,2025,6.0
roll_avg_points_allowed_z,-0.01363683338117597,0.008561946587522922,het_gp,2025,6.0
lag_yards_per_rush_attempt_z,0.006959889823284827,0.009005964536203294,het_gp,2025,6.0
lag_yards_per_target_z,0.007638421012510513,0.00818850168854353,het_gp,2025,6.0
lag_avg_depth_of_target_z,-0.015229545290260363,0.010563410827243982,het_gp,2025,6.0
lag_target_share_z,0.06649606723160824,0.013268918434737566,het_gp,2025,6.0
lag_rush_share_z,0.17964203489680594,0.020119633003162628,het_gp,2025,6.0
temp_z,-0.017648620630324168,0.00905986076064047,het_gp,2025,6.0
wind_z,-0.016349619195558017,0.011428960918929695,het_gp,2025,6.0
games_missed_ytd_z,-0.052732483154853974,0.010701726195519515,het_gp,2025,6.0
lag_offense_pct_z,0.14961445716125626,0.013875480302378158,het_gp,2025,6.0
lag_st_pct_z,-0.06832491402979539,0.01201123673644699,het_gp,2025,6.0
lag_avg_cushion_z,0.016050859825459975,0.02902857982087118,het_gp,2025,6.0
lag_avg_yac_above_expectation_z,0.0008163310009335967,0.013106413274869,het_gp,2025,6.0
lag_efficiency_z,-0.10595923354518726,0.028043318369748577,het_gp,2025,6.0
lag_avg_separation_z,0.06702118160115976,0.026197596347214126,het_gp,2025,6.0
lag_catch_percentage_z,-0.04774739380382241,0.0287815342038231,het_gp,2025,6.0
lag_rush_yards_over_expected_per_att_z,0.007684944473961313,0.014793379339615838,het_gp,2025,6.0
lag_percent_attempts_gte_eight_defenders_z,-0.001735194155095305,0.020138894698140484,het_gp,2025,6.0
spread_line_z,0.00996923703467605,0.00718275181415294,het_gp_noadv,2025,9.0
roll_avg_points_allowed_z,-0.011039293765840775,0.007964765687395738,het_gp_noadv,2025,9.0
lag_yards_per_rush_attempt_z,0.009581883516534249,0.009469883600894426,het_gp_noadv,2025,9.0
lag_yards_per_target_z,0.008355704901349128,0.00866243095921311,het_gp_noadv,2025,9.0
lag_avg_depth_of_target_z,-0.016204645158538488,0.010119460897137805,het_gp_noadv,2025,9.0
lag_target_share_z,0.06827621119066142,0.012432607071964396,het_gp_noadv,2025,9.0
lag_rush_share_z,0.13860643173822143,0.017836301365892343,het_gp_noadv,2025,9.0
temp_z,-0.016763652996425998,0.008470171844505667,het_gp_noadv,2025,9.0
wind_z,-0.01895500795658137,0.011387624143074183,het_gp_noadv,2025,9.0
games_missed_ytd_z,-0.054538812643612586,0.010831462911024404,het_gp_noadv,2025,9.0
lag_offense_pct_z,0.15271100780021113,0.013563907136233335,het_gp_noadv,2025,9.0
lag_st_pct_z,-0.06818078139912555,0.011673456823454479,het_gp_noadv,2025,9.0
spread_line_z,0.010123728016403974,0.007631869842757721,het_gp_asof,2025,9.0
roll_avg_points_allowed_z,-0.011647163566016423,0.007461190238083442,het_gp_asof,2025,9.0
lag_yards_per_rush_attempt_z,0.005769094288620115,0.00950843264764058,het_gp_asof,2025,9.0
lag_yards_per_target_z,0.0073848175737195034,0.008223694300850307,het_gp_asof,2025,9.0
lag_avg_depth_of_target_z,-0.015633401257528993,0.010539438251403008,het_gp_asof,2025,9.0
lag_target_share_z,0.06927555429220264,0.012925346714717768,het_gp_asof,2025,9.0
lag_rush_share_z,0.1402731362898688,0.01687596280181502,het_gp_asof,2025,9.0
temp_z,-0.017406794060916997,0.008276443913153414,het_gp_asof,2025,9.0
wind_z,-0.019873359239572463,0.011347760587987121,het_gp_asof,2025,9.0
games_missed_ytd_z,-0.055750178372284735,0.010812351565167735,het_gp_asof,2025,9.0
lag_offense_pct_z,0.15450144715866773,0.013353645399778506,het_gp_asof,2025,9.0
lag_st_pct_z,-0.06887817175228617,0.011776960436306392,het_gp_asof,2025,9.0
asof_avg_separation_z,-0.00006080619633851349,0.012959015300481425,het_gp_asof,2025,9.0
asof_avg_cushion_z,0.00948656476285809,0.012095333749815414,het_gp_asof,2025,9.0
asof_catch_percentage_z,0.0026129131290414864,0.012961784515938313,het_gp_asof,2025,9.0
asof_avg_yac_above_expectation_z,0.011808872695564392,0.011558681707807286,het_gp_asof,2025,9.0
asof_efficiency_z,0.003913049427132037,0.023243356978910563,het_gp_asof,2025,9.0
asof_percent_attempts_gte_eight_defenders_z,-0.005419019249510935,0.019345218446839934,het_gp_asof,2025,9.0
asof_rush_yards_over_expected_per_att_z,0.05953088224850343,0.02396026622297024,het_gp_asof,2025,9.0
spread_line_z,0.009658376885989216,0.006967376057105954,het_gp,2025,9.0
roll_avg_points_allowed_z,-0.011805375316332113,0.00816827487292413,het_gp,2025,9.0
lag_yards_per_rush_attempt_z,0.005061482251171128,0.00968245190641691,het_gp,2025,9.0
lag_yards_per_target_z,0.0072849103295968545,0.008052471294199814,het_gp,2025,9.0
lag_avg_depth_of_target_z,-0.014546862519037697,0.010308263295124284,het_gp,2025,9.0
lag_target_share_z,0.0647627061642743,0.012456578944393403,het_gp,2025,9.0
lag_rush_share_z,0.19086764522148722,0.020388366564766423,het_gp,2025,9.0
temp_z,-0.016374585093168036,0.00941622915826485,het_gp,2025,9.0
wind_z,-0.019434804477888767,0.011302209827074167,het_gp,2025,9.0
games_missed_ytd_z,-0.05438333753346145,0.010655065021034135,het_gp,2025,9.0
lag_offense_pct_z,0.14426834552060222,0.01387270501200757,het_gp,2025,9.0
lag_st_pct_z,-0.06884481788814044,0.01173594961867247,het_gp,2025,9.0
lag_avg_cushion_z,0.025511280015241854,0.025686510245925026,het_gp,2025,9.0
lag_avg_yac_above_expectation_z,-0.0019300988384830056,0.012310170394353927,het_gp,2025,9.0
lag_efficiency_z,-0.11055267066083863,0.02804953941936057,het_gp,2025,9.0
lag_avg_separation_z,0.06383183200618563,0.025793896792229272,het_gp,2025,9.0
lag_catch_percentage_z,-0.045746690193742785,0.02719408463053815,het_gp,2025,9.0
lag_rush_yards_over_expected_per_att_z,0.0030597852106847225,0.015247869471815495,het_gp,2025,9.0
lag_percent_attempts_gte_eight_defenders_z,-0.013991440408787513,0.020627183495165163,het_gp,2025,9.0
spread_line_z,0.007120371738639101,0.006634072547826653,het_gp_noadv,2025,12.0
roll_avg_points_allowed_z,-0.016437069067008477,0.007394569938781075,het_gp_noadv,2025,12.0
lag_yards_per_rush_attempt_z,0.006980227788206705,0.009289126913923985,het_gp_noadv,2025,12.0
lag_yards_per_target_z,0.004436295561218168,0.007598288625711353,het_gp_noadv,2025,12.0
lag_avg_depth_of_target_z,-0.014196535341515033,0.010578749264511935,het_gp_noadv,2025,12.0
lag_target_share_z,0.06558702016883167,0.011928694231726218,het_gp_noadv,2025,12.0
lag_rush_share_z,0.13884761745668348,0.017299400661953644,het_gp_noadv,2025,12.0
temp_z,-0.01328968895415915,0.008363827298655833,het_gp_noadv,2025,12.0
wind_z,-0.026442165444914113,0.01116861129106517,het_gp_noadv,2025,12.0
games_missed_ytd_z,-0.0573394174422947,0.01045551325633245,het_gp_noadv,2025,12.0
lag_offense_pct_z,0.15435144360399558,0.013153224952843073,het_gp_noadv,2025,12.0
lag_st_pct_z,-0.06728195841740733,0.011830563749850927,het_gp_noadv,2025,12.0
spread_line_z,0.007635659857324625,0.006463209166260654,het_gp_asof,2025,12.0
roll_avg_points_allowed_z,-0.016733810322837467,0.007657097267030835,het_gp_asof,2025,12.0
lag_yards_per_rush_attempt_z,0.0020244221519781377,0.009208492275156898,het_gp_asof,2025,12.0
lag_yards_per_target_z,0.003361975171527014,0.008483472869609836,het_gp_asof,2025,12.0
lag_avg_depth_of_target_z,-0.013501700101420272,0.010184634311443962,het_gp_asof,2025,12.0
lag_target_share_z,0.06646327794216637,0.012825183157331181,het_gp_asof,2025,12.0
lag_rush_share_z,0.13970252439990852,0.017387357054363492,het_gp_asof,2025,12.0
temp_z,-0.014211154740507858,0.008424051887211239,het_gp_asof,2025,12.0
wind_z,-0.026410159498120117,0.010799618046215804,het_gp_asof,2025,12.0
games_missed_ytd_z,-0.05824074767412459,0.010359145256455529,het_gp_asof,2025,12.0
lag_offense_pct_z,0.15483846156401532,0.013588997417186754,het_gp_asof,2025,12.0
lag_st_pct_z,-0.06717778948289696,0.011327671271588693,het_gp_asof,2025,12.0
asof_avg_separation_z,-0.00009154945994248514,0.012539776385562078,het_gp_asof,2025,12.0
asof_avg_cushion_z,0.008531345555806579,0.011231788153588995,het_gp_asof,2025,12.0
asof_catch_percentage_z,0.004710271024678794,0.013039071053280863,het_gp_asof,2025,12.0
asof_avg_yac_above_expectation_z,0.009818406873786599,0.010298771716897043,het_gp_asof,2025,12.0
asof_efficiency_z,0.006331335854094582,0.02273297133830409,het_gp_asof,2025,12.0
asof_percent_attempts_gte_eight_defenders_z,0.0006884047282809158,0.019430838104665088,het_gp_asof,2025,12.0
asof_rush_yards_over_expected_per_att_z,0.06548548208810341,0.02228983202217061,het_gp_asof,2025,12.0
spread_line_z,0.006705244217719995,0.0070580056891919075,het_gp,2025,12.0
roll_avg_points_allowed_z,-0.016536303493618964,0.007825161747252085,het_gp,2025,12.0
lag_yards_per_rush_attempt_z,0.0018713715011209593,0.009121372866094787,het_gp,2025,12.0
lag_yards_per_target_z,0.00331775335304433,0.007703966578781678,het_gp,2025,12.0
lag_avg_depth_of_target_z,-0.013380906295381714,0.010060406060264109,het_gp,2025,12.0
lag_target_share_z,0.06313200962818569,0.011856716202388203,het_gp,2025,12.0
lag_rush_share_z,0.19175713100387207,0.01927181394032948,het_gp,2025,12.0
temp_z,-0.012213882838264937,0.007907820893080205,het_gp,2025,12.0
wind_z,-0.026598750617350033,0.01125991043241533,het_gp,2025,12.0
games_missed_ytd_z,-0.05650413552246978,0.010447924783714691,het_gp,2025,12.0
lag_offense_pct_z,0.14418275720144136,0.012488040540225828,het_gp,2025,12.0
lag_st_pct_z,-0.06789627393600223,0.011554990857174091,het_gp,2025,12.0
lag_avg_cushion_z,0.030131175783802974,0.025900613591806298,het_gp,2025,12.0
lag_avg_yac_above_expectation_z,0.0034376357310155524,0.011558076632248407,het_gp,2025,12.0
lag_efficiency_z,-0.11686580893097771,0.02688274332927386,het_gp,2025,12.0
lag_avg_separation_z,0.05356098000508329,0.025094210151778155,het_gp,2025,12.0
lag_catch_percentage_z,-0.031562998545330075,0.02624342237553946,het_gp,2025,12.0
lag_rush_yards_over_expected_per_att_z,0.0006608686299430683,0.014125388958383956,het_gp,2025,12.0
lag_percent_attempts_gte_eight_defenders_z,-0.007217603342329053,0.019950238539876108,het_gp,2025,12.0
spread_line_z,0.005558844687820832,0.007191098998935393,het_gp_noadv,2025,15.0
roll_avg_points_allowed_z,-0.0181137832423154,0.007439093176072389,het_gp_noadv,2025,15.0
lag_yards_per_rush_attempt_z,0.005400588674486963,0.00891739173802825,het_gp_noadv,2025,15.0
lag_yards_per_target_z,0.007191277103141024,0.007487180461288626,het_gp_noadv,2025,15.0
lag_avg_depth_of_target_z,-0.016924521783281354,0.009624840317245784,het_gp_noadv,2025,15.0
lag_target_share_z,0.06427232142232074,0.0117999789417356,het_gp_noadv,2025,15.0
lag_rush_share_z,0.13748215475806536,0.017315595816327314,het_gp_noadv,2025,15.0
temp_z,-0.008355088160901167,0.008093999082024425,het_gp_noadv,2025,15.0
wind_z,-0.02321032178347083,0.01014473357928195,het_gp_noadv,2025,15.0
games_missed_ytd_z,-0.056351498716578886,0.00958469222805486,het_gp_noadv,2025,15.0
lag_offense_pct_z,0.15310076743198395,0.0132164979032437,het_gp_noadv,2025,15.0
lag_st_pct_z,-0.06758382867527407,0.011190204892988127,het_gp_noadv,2025,15.0
spread_line_z,0.005889998898095174,0.007449939489299862,het_gp_asof,2025,15.0
roll_avg_points_allowed_z,-0.018155191826148925,0.007279631395446836,het_gp_asof,2025,15.0
lag_yards_per_rush_attempt_z,0.0018438800303217158,0.008828677549960591,het_gp_asof,2025,15.0
lag_yards_per_target_z,0.006344694446835643,0.007870126968171144,het_gp_asof,2025,15.0
lag_avg_depth_of_target_z,-0.015935043271941993,0.00976814767784409,het_gp_asof,2025,15.0
lag_target_share_z,0.06459123698403418,0.011630527082818963,het_gp_asof,2025,15.0
lag_rush_share_z,0.13745311009735417,0.017275709965653252,het_gp_asof,2025,15.0
temp_z,-0.009258349295784406,0.008175162743786853,het_gp_asof,2025,15.0
wind_z,-0.02401963613543996,0.010480494725074951,het_gp_asof,2025,15.0
games_missed_ytd_z,-0.0568903188274234,0.010668817709342292,het_gp_asof,2025,15.0
lag_offense_pct_z,0.15486390900612595,0.012868515066030567,het_gp_asof,2025,15.0
lag_st_pct_z,-0.06711408615371975,0.010519478806018187,het_gp_asof,2025,15.0
asof_avg_separation_z,0.0006326156442358022,0.012433307825732947,het_gp_asof,2025,15.0
asof_avg_cushion_z,0.010528284406874042,0.010716615254431083,het_gp_asof,2025,15.0
asof_catch_percentage_z,0.006234963881928248,0.011656939245785152,het_gp_asof,2025,15.0
asof_avg_yac_above_expectation_z,0.004949085243218658,0.010525361022523992,het_gp_asof,2025,15.0
asof_efficiency_z,-0.0025231507999943434,0.022006372797238948,het_gp_asof,2025,15.0
asof_percent_attempts_gte_eight_defenders_z,0.0031464522308404515,0.017805470609233456,het_gp_asof,2025,15.0
asof_rush_yards_over_expected_per_att_z,0.04606510997347507,0.022578286537490402,het_gp_asof,2025,15.0
spread_line_z,0.004853824183330422,0.007034840236310934,het_gp,2025,15.0
roll_avg_points_allowed_z,-0.017473836162298063,0.007211397962374674,het_gp,2025,15.0
lag_yards_per_rush_attempt_z,0.0005355409791919915,0.008973181484146485,het_gp,2025,15.0
lag_yards_per_target_z,0.006608740511370623,0.008178845155712352,het_gp,2025,15.0
lag_avg_depth_of_target_z,-0.016071195822163046,0.009872972524817036,het_gp,2025,15.0
lag_target_share_z,0.06095100242024388,0.012220306001401837,het_gp,2025,15.0
lag_rush_share_z,0.1977530892027023,0.0202743268159978,het_gp,2025,15.0
temp_z,-0.0075674835663563185,0.008216739033335316,het_gp,2025,15.0
wind_z,-0.023504653050894133,0.010724221652442675,het_gp,2025,15.0
games_missed_ytd_z,-0.05511671992987213,0.009938080837297154,het_gp,2025,15.0
lag_offense_pct_z,0.14282426341427454,0.012915698025203726,het_gp,2025,15.0
lag_st_pct_z,-0.06788918990587083,0.010671641112364544,het_gp,2025,15.0
lag_avg_cushion_z,0.03132560680161194,0.02426983604463613,het_gp,2025,15.0
lag_avg_yac_above_expectation_z,-0.0017537427807348903,0.011344273545489962,het_gp,2025,15.0
lag_efficiency_z,-0.13123646323474267,0.027866549170600247,het_gp,2025,15.0
lag_avg_separation_z,0.0564442318065981,0.02312190858710942,het_gp,2025,15.0
lag_catch_percentage_z,-0.031513992446086145,0.025294906024253522,het_gp,2025,15.0
lag_rush_yards_over_expected_per_att_z,-0.012639709152854775,0.013642790677296056,het_gp,2025,15.0
lag_percent_attempts_gte_eight_defenders_z,-0.005759241450536005,0.019563668824811326,het_gp,2025,15.0
