cont_var,coef_mean,coef_sd,model,season,week
spread_line_z,0.0014085941798570576,0.022156771981279116,het_gp_qb,2019,6.0
roll_avg_points_allowed_z,-0.039820979949824774,0.024884959677663538,het_gp_qb,2019,6.0
lag_yards_per_rush_attempt_z,0.03607077813159766,0.024801636382483404,het_gp_qb,2019,6.0
lag_yards_per_pass_attempt_z,0.10158318884532967,0.04219827307166711,het_gp_qb,2019,6.0
lag_avg_depth_of_target_z,-0.009906901095412889,0.02271089461492129,het_gp_qb,2019,6.0
lag_rush_share_z,0.04406993257887071,0.030486595139818,het_gp_qb,2019,6.0
temp_z,-0.018249856446115813,0.025545577792835616,het_gp_qb,2019,6.0
wind_z,-0.07432131846257581,0.030507028822762378,het_gp_qb,2019,6.0
games_missed_ytd_z,-0.19283596337259684,0.034281063684662695,het_gp_qb,2019,6.0
lag_offense_pct_z,0.1482576092377963,0.04403820526619907,het_gp_qb,2019,6.0
roll_avg_points_allowed_z,-0.02507113760195516,0.025637996345931384,het_gp_qb_vegas,2019,6.0
lag_yards_per_rush_attempt_z,0.03203629241644318,0.02547367910666669,het_gp_qb_vegas,2019,6.0
lag_yards_per_pass_attempt_z,0.08885129145732275,0.04238670770276499,het_gp_qb_vegas,2019,6.0
lag_avg_depth_of_target_z,-0.01561380179365676,0.023186171770885614,het_gp_qb_vegas,2019,6.0
lag_rush_share_z,0.0495632686895579,0.029180705325815993,het_gp_qb_vegas,2019,6.0
temp_z,-0.02538288084359383,0.026040583757300118,het_gp_qb_vegas,2019,6.0
wind_z,-0.06999129270212152,0.029638201039416178,het_gp_qb_vegas,2019,6.0
games_missed_ytd_z,-0.19470831203626368,0.035474451881429205,het_gp_qb_vegas,2019,6.0
lag_offense_pct_z,0.1594802905198696,0.045765809184425986,het_gp_qb_vegas,2019,6.0
team_spread_z,-0.09608746939818218,0.0672934800463697,het_gp_qb_vegas,2019,6.0
vegas_team_total_z,0.1972689423246766,0.05798542484361792,het_gp_qb_vegas,2019,6.0
roll_avg_points_allowed_z,-0.02820295267267668,0.0241982246849972,het_gp_qb_ctx,2019,6.0
lag_yards_per_rush_attempt_z,0.03400461402838963,0.024774091278885118,het_gp_qb_ctx,2019,6.0
lag_yards_per_pass_attempt_z,0.08333187043245294,0.04447686877457541,het_gp_qb_ctx,2019,6.0
lag_avg_depth_of_target_z,-0.01707386231244798,0.02365264430926223,het_gp_qb_ctx,2019,6.0
lag_rush_share_z,0.049028913554891605,0.028460406099488803,het_gp_qb_ctx,2019,6.0
temp_z,-0.028330213491924182,0.02595377285839378,het_gp_qb_ctx,2019,6.0
wind_z,-0.06845982839491115,0.030995871857270152,het_gp_qb_ctx,2019,6.0
games_missed_ytd_z,-0.1871536535680198,0.03461962151100781,het_gp_qb_ctx,2019,6.0
lag_offense_pct_z,0.1705367143776694,0.04534712135461622,het_gp_qb_ctx,2019,6.0
team_spread_z,-0.1638756643251245,0.07679771164611161,het_gp_qb_ctx,2019,6.0
vegas_team_total_z,0.27264050106912974,0.07425458457432967,het_gp_qb_ctx,2019,6.0
ctx:exp_pts_for[QB],-0.14308525694129556,0.07495114954189351,het_gp_qb_ctx,2019,6.0
ctx:exp_margin[QB],0.08052551851850898,0.0791007232117785,het_gp_qb_ctx,2019,6.0
roll_avg_points_allowed_z,-0.03891428622167476,0.023414827775517285,het_gp_qb_ctx_novegas,2019,6.0
lag_yards_per_rush_attempt_z,0.035623188311765905,0.025058875612211633,het_gp_qb_ctx_novegas,2019,6.0
lag_yards_per_pass_attempt_z,0.09938621719276725,0.04279817518666279,het_gp_qb_ctx_novegas,2019,6.0
lag_avg_depth_of_target_z,-0.010767734006897182,0.02460837337979056,het_gp_qb_ctx_novegas,2019,6.0
lag_rush_share_z,0.04574289510387924,0.028936833705213293,het_gp_qb_ctx_novegas,2019,6.0
temp_z,-0.013983774493541715,0.025697352767829335,het_gp_qb_ctx_novegas,2019,6.0
wind_z,-0.07372179032931134,0.03088350981715228,het_gp_qb_ctx_novegas,2019,6.0
games_missed_ytd_z,-0.19014884469859816,0.03445243717330187,het_gp_qb_ctx_novegas,2019,6.0
lag_offense_pct_z,0.15472265149155692,0.04540955240075173,het_gp_qb_ctx_novegas,2019,6.0
ctx:exp_pts_for[QB],0.05088063960904623,0.049742888414866966,het_gp_qb_ctx_novegas,2019,6.0
ctx:exp_margin[QB],-0.032811964954713425,0.045951745600486184,het_gp_qb_ctx_novegas,2019,6.0
spread_line_z,0.0017462410871770453,0.022678532990518026,het_gp_qb,2019,9.0
roll_avg_points_allowed_z,-0.04518381394734248,0.021739202478958147,het_gp_qb,2019,9.0
lag_yards_per_rush_attempt_z,0.0391479686278092,0.026485888080507024,het_gp_qb,2019,9.0
lag_yards_per_pass_attempt_z,0.09896157094946845,0.04232450090675766,het_gp_qb,2019,9.0
lag_avg_depth_of_target_z,-0.005886190026011693,0.024554381618852983,het_gp_qb,2019,9.0
lag_rush_share_z,0.043640134473993786,0.0291686526240423,het_gp_qb,2019,9.0
temp_z,-0.024946256199718946,0.026595055286174722,het_gp_qb,2019,9.0
wind_z,-0.07918251196916384,0.02987177729554571,het_gp_qb,2019,9.0
games_missed_ytd_z,-0.19118133336588974,0.03544224984019285,het_gp_qb,2019,9.0
lag_offense_pct_z,0.12838424866200202,0.043309635890015054,het_gp_qb,2019,9.0
roll_avg_points_allowed_z,-0.02682725125891439,0.02290939602493191,het_gp_qb_vegas,2019,9.0
lag_yards_per_rush_attempt_z,0.0351816873644768,0.02443133666149957,het_gp_qb_vegas,2019,9.0
lag_yards_per_pass_attempt_z,0.08955712829007637,0.04144666663670504,het_gp_qb_vegas,2019,9.0
lag_avg_depth_of_target_z,-0.011742204575886555,0.024284944124129234,het_gp_qb_vegas,2019,9.0
lag_rush_share_z,0.04823139275460789,0.028841820668789625,het_gp_qb_vegas,2019,9.0
temp_z,-0.03239493852631613,0.0258461840000963,het_gp_qb_vegas,2019,9.0
wind_z,-0.07045005953859566,0.02932656227429696,het_gp_qb_vegas,2019,9.0
games_missed_ytd_z,-0.19455114861851763,0.033534921147551064,het_gp_qb_vegas,2019,9.0
lag_offense_pct_z,0.14154450792240317,0.04437851330440889,het_gp_qb_vegas,2019,9.0
team_spread_z,-0.1182690591243662,0.06865433478300272,het_gp_qb_vegas,2019,9.0
vegas_team_total_z,0.20914875692776388,0.05320135873514239,het_gp_qb_vegas,2019,9.0
roll_avg_points_allowed_z,-0.033012716803404916,0.023343778520052382,het_gp_qb_ctx,2019,9.0
lag_yards_per_rush_attempt_z,0.03843999398598756,0.023341868833018285,het_gp_qb_ctx,2019,9.0
lag_yards_per_pass_attempt_z,0.09007411761236726,0.040598844283311245,het_gp_qb_ctx,2019,9.0
lag_avg_depth_of_target_z,-0.014015634226926886,0.022764123966069114,het_gp_qb_ctx,2019,9.0
lag_rush_share_z,0.04576548904327036,0.02965371191571859,het_gp_qb_ctx,2019,9.0
temp_z,-0.03549282489460102,0.02610301531020629,het_gp_qb_ctx,2019,9.0
wind_z,-0.06353869339410415,0.02958755906078028,het_gp_qb_ctx,2019,9.0
games_missed_ytd_z,-0.18995207861865568,0.03419023179924511,het_gp_qb_ctx,2019,9.0
lag_offense_pct_z,0.14667785893107468,0.04462976121174889,het_gp_qb_ctx,2019,9.0
team_spread_z,-0.17218567728614984,0.07333047920670395,het_gp_qb_ctx,2019,9.0
vegas_team_total_z,0.2812538320925555,0.07061451710268381,het_gp_qb_ctx,2019,9.0
ctx:exp_pts_for[QB],-0.1527348115521996,0.07094608173829312,het_gp_qb_ctx,2019,9.0
ctx:exp_margin[QB],0.09912131030590864,0.07475934263629115,het_gp_qb_ctx,2019,9.0
roll_avg_points_allowed_z,-0.0434255472267991,0.022934287267867608,het_gp_qb_ctx_novegas,2019,9.0
lag_yards_per_rush_attempt_z,0.03936069809587355,0.024420128575666136,het_gp_qb_ctx_novegas,2019,9.0
lag_yards_per_pass_attempt_z,0.09755122608617456,0.04095019426107515,het_gp_qb_ctx_novegas,2019,9.0
lag_avg_depth_of_target_z,-0.006671044897263695,0.022780760990991526,het_gp_qb_ctx_novegas,2019,9.0
lag_rush_share_z,0.04663310662395153,0.02777913810629706,het_gp_qb_ctx_novegas,2019,9.0
temp_z,-0.020767120178057076,0.026827043153820194,het_gp_qb_ctx_novegas,2019,9.0
wind_z,-0.07740269265576555,0.030349236292826744,het_gp_qb_ctx_novegas,2019,9.0
games_missed_ytd_z,-0.18707594211070838,0.03422633972433847,het_gp_qb_ctx_novegas,2019,9.0
lag_offense_pct_z,0.13542640252647006,0.04312274575925433,het_gp_qb_ctx_novegas,2019,9.0
ctx:exp_pts_for[QB],0.05084778117172601,0.04860446011483664,het_gp_qb_ctx_novegas,2019,9.0
ctx:exp_margin[QB],-0.02186259864459424,0.04353800421883943,het_gp_qb_ctx_novegas,2019,9.0
spread_line_z,-0.010872641891327178,0.022716763909685432,het_gp_qb,2019,12.0
roll_avg_points_allowed_z,-0.045059894181142986,0.022297885802081994,het_gp_qb,2019,12.0
lag_yards_per_rush_attempt_z,0.03665620321203763,0.023999710962633373,het_gp_qb,2019,12.0
lag_yards_per_pass_attempt_z,0.10027369888636173,0.04012388174571126,het_gp_qb,2019,12.0
lag_avg_depth_of_target_z,-0.01028695103763438,0.02197322991457823,het_gp_qb,2019,12.0
lag_rush_share_z,0.05295327831145934,0.02981133825363414,het_gp_qb,2019,12.0
temp_z,-0.028744161527417524,0.025472923855502372,het_gp_qb,2019,12.0
wind_z,-0.07977244037505242,0.03045086081257228,het_gp_qb,2019,12.0
games_missed_ytd_z,-0.19617701620400543,0.03532335146497238,het_gp_qb,2019,12.0
lag_offense_pct_z,0.11003083928535307,0.04184566447294475,het_gp_qb,2019,12.0
roll_avg_points_allowed_z,-0.030133579032200774,0.022533401115917864,het_gp_qb_vegas,2019,12.0
lag_yards_per_rush_attempt_z,0.031762467530378785,0.022980904868984502,het_gp_qb_vegas,2019,12.0
lag_yards_per_pass_attempt_z,0.08777013555680385,0.0395262820548413,het_gp_qb_vegas,2019,12.0
lag_avg_depth_of_target_z,-0.018435353052528247,0.021458564354102067,het_gp_qb_vegas,2019,12.0
lag_rush_share_z,0.053765149792914024,0.028453022447555276,het_gp_qb_vegas,2019,12.0
temp_z,-0.0351362177689696,0.02451911666812609,het_gp_qb_vegas,2019,12.0
wind_z,-0.07563312347801925,0.02876487460625448,het_gp_qb_vegas,2019,12.0
games_missed_ytd_z,-0.19975662540966915,0.03425173025027129,het_gp_qb_vegas,2019,12.0
lag_offense_pct_z,0.1279126180257127,0.04215226591638385,het_gp_qb_vegas,2019,12.0
team_spread_z,-0.09832774711423885,0.06586430428265576,het_gp_qb_vegas,2019,12.0
vegas_team_total_z,0.1964070611504243,0.05232940801300934,het_gp_qb_vegas,2019,12.0
roll_avg_points_allowed_z,-0.03645639482203659,0.022338052224976496,het_gp_qb_ctx,2019,12.0
lag_yards_per_rush_attempt_z,0.03806561369327146,0.0239788671463724,het_gp_qb_ctx,2019,12.0
lag_yards_per_pass_attempt_z,0.08506204018165676,0.04263640068822401,het_gp_qb_ctx,2019,12.0
lag_avg_depth_of_target_z,-0.018419806066985383,0.021935188132880507,het_gp_qb_ctx,2019,12.0
lag_rush_share_z,0.05318314254721117,0.027423166330668332,het_gp_qb_ctx,2019,12.0
temp_z,-0.036404332735881464,0.02413759495958148,het_gp_qb_ctx,2019,12.0
wind_z,-0.06520495081824042,0.0295442631854628,het_gp_qb_ctx,2019,12.0
games_missed_ytd_z,-0.18833994998793005,0.03411314885025873,het_gp_qb_ctx,2019,12.0
lag_offense_pct_z,0.13564458905558424,0.04175613189585136,het_gp_qb_ctx,2019,12.0
team_spread_z,-0.17057133040404773,0.0751783546841876,het_gp_qb_ctx,2019,12.0
vegas_team_total_z,0.27939611924484486,0.07179298609934918,het_gp_qb_ctx,2019,12.0
ctx:exp_pts_for[QB],-0.1735121412758096,0.07056581466815118,het_gp_qb_ctx,2019,12.0
ctx:exp_margin[QB],0.12038142369642912,0.07674965177594911,het_gp_qb_ctx,2019,12.0
roll_avg_points_allowed_z,-0.047836221201087756,0.022846405522699485,het_gp_qb_ctx_novegas,2019,12.0
lag_yards_per_rush_attempt_z,0.03734004483399531,0.023883306971809418,het_gp_qb_ctx_novegas,2019,12.0
lag_yards_per_pass_attempt_z,0.09784953642581265,0.039635054857140535,het_gp_qb_ctx_novegas,2019,12.0
lag_avg_depth_of_target_z,-0.01228561310201551,0.022318355085097278,het_gp_qb_ctx_novegas,2019,12.0
lag_rush_share_z,0.054018189741417234,0.028840243855100853,het_gp_qb_ctx_novegas,2019,12.0
temp_z,-0.022748053383780793,0.02380871794661932,het_gp_qb_ctx_novegas,2019,12.0
wind_z,-0.07684210266049182,0.028200000395159252,het_gp_qb_ctx_novegas,2019,12.0
games_missed_ytd_z,-0.1923348949242308,0.0324351120120008,het_gp_qb_ctx_novegas,2019,12.0
lag_offense_pct_z,0.1206571812477587,0.041581739945079646,het_gp_qb_ctx_novegas,2019,12.0
ctx:exp_pts_for[QB],0.02819444398133559,0.043443338226601375,het_gp_qb_ctx_novegas,2019,12.0
ctx:exp_margin[QB],0.005014574892632731,0.040120905062876654,het_gp_qb_ctx_novegas,2019,12.0
spread_line_z,-0.01421409930313743,0.02005339894896905,het_gp_qb,2019,15.0
roll_avg_points_allowed_z,-0.037233857943033855,0.021970003534114803,het_gp_qb,2019,15.0
lag_yards_per_rush_attempt_z,0.030101707683093035,0.023006417949857475,het_gp_qb,2019,15.0
lag_yards_per_pass_attempt_z,0.0919881084949985,0.03590146577575301,het_gp_qb,2019,15.0
lag_avg_depth_of_target_z,-0.010426521478969646,0.019615539147808742,het_gp_qb,2019,15.0
lag_rush_share_z,0.04745897633947429,0.028465316049805532,het_gp_qb,2019,15.0
temp_z,-0.021345837358281505,0.023674798952203913,het_gp_qb,2019,15.0
wind_z,-0.09542107050788004,0.027431358057277505,het_gp_qb,2019,15.0
games_missed_ytd_z,-0.19237939879810886,0.032757393172916816,het_gp_qb,2019,15.0
lag_offense_pct_z,0.12706948205145413,0.03992576544470639,het_gp_qb,2019,15.0
roll_avg_points_allowed_z,-0.02468959708914641,0.02136380873011586,het_gp_qb_vegas,2019,15.0
lag_yards_per_rush_attempt_z,0.029390066591052207,0.02303126238804618,het_gp_qb_vegas,2019,15.0
lag_yards_per_pass_attempt_z,0.08008623316689129,0.036797941944512386,het_gp_qb_vegas,2019,15.0
lag_avg_depth_of_target_z,-0.017745538375080548,0.020045699952743735,het_gp_qb_vegas,2019,15.0
lag_rush_share_z,0.04935631381618706,0.02585170599368648,het_gp_qb_vegas,2019,15.0
temp_z,-0.028362494705491098,0.02265968235319013,het_gp_qb_vegas,2019,15.0
wind_z,-0.08908987539620666,0.02860865158545658,het_gp_qb_vegas,2019,15.0
games_missed_ytd_z,-0.193696856023576,0.032506524110597304,het_gp_qb_vegas,2019,15.0
lag_offense_pct_z,0.1419819978232148,0.0393282425111952,het_gp_qb_vegas,2019,15.0
team_spread_z,-0.09451954576844399,0.0603586245322511,het_gp_qb_vegas,2019,15.0
vegas_team_total_z,0.16982946625090178,0.05040010787025907,het_gp_qb_vegas,2019,15.0
roll_avg_points_allowed_z,-0.02893931955492498,0.021990685621018875,het_gp_qb_ctx,2019,15.0
lag_yards_per_rush_attempt_z,0.032616995571884286,0.02261815551824969,het_gp_qb_ctx,2019,15.0
lag_yards_per_pass_attempt_z,0.07541417453671245,0.03883568386384673,het_gp_qb_ctx,2019,15.0
lag_avg_depth_of_target_z,-0.017900536129724053,0.02000771128113653,het_gp_qb_ctx,2019,15.0
lag_rush_share_z,0.046860347330519816,0.027564685192895094,het_gp_qb_ctx,2019,15.0
temp_z,-0.02801340616017846,0.023361956993739948,het_gp_qb_ctx,2019,15.0
wind_z,-0.0797318025821202,0.026748248910968695,het_gp_qb_ctx,2019,15.0
games_missed_ytd_z,-0.18118027486546623,0.02983627491412166,het_gp_qb_ctx,2019,15.0
lag_offense_pct_z,0.1549085105897333,0.041989870455307825,het_gp_qb_ctx,2019,15.0
team_spread_z,-0.1936347205495563,0.07249403595285672,het_gp_qb_ctx,2019,15.0
vegas_team_total_z,0.2860906992387128,0.0650579197587319,het_gp_qb_ctx,2019,15.0
ctx:exp_pts_for[QB],-0.19702101368956446,0.06159122315749239,het_gp_qb_ctx,2019,15.0
ctx:exp_margin[QB],0.16218624732136258,0.07133543540482791,het_gp_qb_ctx,2019,15.0
roll_avg_points_allowed_z,-0.04066549410824048,0.021243075949845806,het_gp_qb_ctx_novegas,2019,15.0
lag_yards_per_rush_attempt_z,0.032103834927912474,0.02246384501963106,het_gp_qb_ctx_novegas,2019,15.0
lag_yards_per_pass_attempt_z,0.08635708136905805,0.03781527292884403,het_gp_qb_ctx_novegas,2019,15.0
lag_avg_depth_of_target_z,-0.013483053807209953,0.0215465553449015,het_gp_qb_ctx_novegas,2019,15.0
lag_rush_share_z,0.04624970593715199,0.026384671799289577,het_gp_qb_ctx_novegas,2019,15.0
temp_z,-0.014967613317216275,0.024011159799079702,het_gp_qb_ctx_novegas,2019,15.0
wind_z,-0.09275914410838183,0.02636046900188119,het_gp_qb_ctx_novegas,2019,15.0
games_missed_ytd_z,-0.18426329778338363,0.03247653081954211,het_gp_qb_ctx_novegas,2019,15.0
lag_offense_pct_z,0.13963267530159698,0.041060919352945,het_gp_qb_ctx_novegas,2019,15.0
ctx:exp_pts_for[QB],0.00018436974871880498,0.04345869453854368,het_gp_qb_ctx_novegas,2019,15.0
ctx:exp_margin[QB],0.034296944453923034,0.03972165895015326,het_gp_qb_ctx_novegas,2019,15.0
spread_line_z,-0.009408903813664663,0.02324636818559116,het_gp_qb,2023,6.0
roll_avg_points_allowed_z,-0.008147062037860142,0.021433316437061527,het_gp_qb,2023,6.0
lag_yards_per_rush_attempt_z,-0.002010243125661071,0.02427045090058986,het_gp_qb,2023,6.0
lag_yards_per_pass_attempt_z,0.028397189131551013,0.04165230438911392,het_gp_qb,2023,6.0
lag_avg_depth_of_target_z,0.024938829888278675,0.02251534712795546,het_gp_qb,2023,6.0
lag_rush_share_z,0.014048344943570674,0.028919536705883386,het_gp_qb,2023,6.0
temp_z,-0.03913754462184115,0.024755824390654824,het_gp_qb,2023,6.0
wind_z,-0.06636223084540115,0.03060736914123816,het_gp_qb,2023,6.0
games_missed_ytd_z,-0.19116962719014705,0.03297965202470928,het_gp_qb,2023,6.0
lag_offense_pct_z,0.18992407151197202,0.042925036276010256,het_gp_qb,2023,6.0
roll_avg_points_allowed_z,-0.00386437885903491,0.023112099494378962,het_gp_qb_vegas,2023,6.0
lag_yards_per_rush_attempt_z,-0.0035906263605520296,0.024362163304344805,het_gp_qb_vegas,2023,6.0
lag_yards_per_pass_attempt_z,0.02241951824348379,0.04297672470864058,het_gp_qb_vegas,2023,6.0
lag_avg_depth_of_target_z,0.023120254736715994,0.021083992805334874,het_gp_qb_vegas,2023,6.0
lag_rush_share_z,0.013357929968329794,0.02909270751905731,het_gp_qb_vegas,2023,6.0
temp_z,-0.04831312406485943,0.025895366359234274,het_gp_qb_vegas,2023,6.0
wind_z,-0.06380604251609799,0.03053896436883721,het_gp_qb_vegas,2023,6.0
games_missed_ytd_z,-0.17900089193704638,0.0335698735313569,het_gp_qb_vegas,2023,6.0
lag_offense_pct_z,0.2027678845151757,0.043542352669989966,het_gp_qb_vegas,2023,6.0
team_spread_z,-0.10899479021443212,0.061728932601253846,het_gp_qb_vegas,2023,6.0
vegas_team_total_z,0.10511022053437187,0.05294662119701602,het_gp_qb_vegas,2023,6.0
roll_avg_points_allowed_z,-0.008586541576353383,0.022623458969221154,het_gp_qb_ctx,2023,6.0
lag_yards_per_rush_attempt_z,-0.00147609890822349,0.02397841327402936,het_gp_qb_ctx,2023,6.0
lag_yards_per_pass_attempt_z,0.01922120611359607,0.04026187215016108,het_gp_qb_ctx,2023,6.0
lag_avg_depth_of_target_z,0.026946708447084956,0.02074277246657929,het_gp_qb_ctx,2023,6.0
lag_rush_share_z,0.01523696255503085,0.027961482317285534,het_gp_qb_ctx,2023,6.0
temp_z,-0.045725965073875816,0.026408967353718737,het_gp_qb_ctx,2023,6.0
wind_z,-0.0647556739061893,0.031519109846474776,het_gp_qb_ctx,2023,6.0
games_missed_ytd_z,-0.18060106934400288,0.03364468850868263,het_gp_qb_ctx,2023,6.0
lag_offense_pct_z,0.20787102883718497,0.04469926403367891,het_gp_qb_ctx,2023,6.0
team_spread_z,-0.07232207626442103,0.06973599374234268,het_gp_qb_ctx,2023,6.0
vegas_team_total_z,0.0524517687303203,0.07054767606917768,het_gp_qb_ctx,2023,6.0
ctx:exp_pts_for[QB],0.0366404198634286,0.06526471754706263,het_gp_qb_ctx,2023,6.0
ctx:exp_margin[QB],0.054547698144937984,0.06875312254729772,het_gp_qb_ctx,2023,6.0
roll_avg_points_allowed_z,-0.008682544450351088,0.02171571590127531,het_gp_qb_ctx_novegas,2023,6.0
lag_yards_per_rush_attempt_z,-0.00152887535878352,0.024391912912933824,het_gp_qb_ctx_novegas,2023,6.0
lag_yards_per_pass_attempt_z,0.017581001536094015,0.0383337851635027,het_gp_qb_ctx_novegas,2023,6.0
lag_avg_depth_of_target_z,0.027592064078419916,0.02157905323574325,het_gp_qb_ctx_novegas,2023,6.0
lag_rush_share_z,0.013931015035628169,0.02800465622999782,het_gp_qb_ctx_novegas,2023,6.0
temp_z,-0.038769470828845305,0.02516241480381688,het_gp_qb_ctx_novegas,2023,6.0
wind_z,-0.06883751296446584,0.031174287336891208,het_gp_qb_ctx_novegas,2023,6.0
games_missed_ytd_z,-0.18204831076313296,0.03373545427478229,het_gp_qb_ctx_novegas,2023,6.0
lag_offense_pct_z,0.20952767266835373,0.04343702495399584,het_gp_qb_ctx_novegas,2023,6.0
ctx:exp_pts_for[QB],0.07489573593944475,0.044394816369960066,het_gp_qb_ctx_novegas,2023,6.0
ctx:exp_margin[QB],-0.0037556663859758953,0.041853882720003135,het_gp_qb_ctx_novegas,2023,6.0
spread_line_z,-0.004722906585110797,0.021122685975356142,het_gp_qb,2023,9.0
roll_avg_points_allowed_z,-0.008248282713566639,0.021357420483810334,het_gp_qb,2023,9.0
lag_yards_per_rush_attempt_z,-0.000397699545939456,0.024677142119645848,het_gp_qb,2023,9.0
lag_yards_per_pass_attempt_z,0.005958119685118583,0.04012874296161331,het_gp_qb,2023,9.0
lag_avg_depth_of_target_z,0.03335598960004811,0.021846268347321385,het_gp_qb,2023,9.0
lag_rush_share_z,0.0052945023233740346,0.027170492956827427,het_gp_qb,2023,9.0
temp_z,-0.027650944441805703,0.024006017861401246,het_gp_qb,2023,9.0
wind_z,-0.06384767831455654,0.028263970503973668,het_gp_qb,2023,9.0
games_missed_ytd_z,-0.1864781067316463,0.034213013162435066,het_gp_qb,2023,9.0
lag_offense_pct_z,0.20396744090720897,0.04299007971846408,het_gp_qb,2023,9.0
roll_avg_points_allowed_z,-0.004739340080728989,0.0212576882240271,het_gp_qb_vegas,2023,9.0
lag_yards_per_rush_attempt_z,-0.00365030165852004,0.023950361055223763,het_gp_qb_vegas,2023,9.0
lag_yards_per_pass_attempt_z,0.004501807419665882,0.03661974702198856,het_gp_qb_vegas,2023,9.0
lag_avg_depth_of_target_z,0.031990138907039355,0.02210583180751888,het_gp_qb_vegas,2023,9.0
lag_rush_share_z,0.007500293523485551,0.02794773917568804,het_gp_qb_vegas,2023,9.0
temp_z,-0.037526819666048074,0.026183612365925618,het_gp_qb_vegas,2023,9.0
wind_z,-0.06032513570344309,0.029521805216922086,het_gp_qb_vegas,2023,9.0
games_missed_ytd_z,-0.175808488310127,0.03280797514906439,het_gp_qb_vegas,2023,9.0
lag_offense_pct_z,0.20931180057398838,0.038621204686059674,het_gp_qb_vegas,2023,9.0
team_spread_z,-0.09624184437978592,0.06282253586441065,het_gp_qb_vegas,2023,9.0
vegas_team_total_z,0.08740242543088397,0.050093230345871854,het_gp_qb_vegas,2023,9.0
roll_avg_points_allowed_z,-0.0071745253271929535,0.02092999590859354,het_gp_qb_ctx,2023,9.0
lag_yards_per_rush_attempt_z,-0.003032323734256377,0.02350232972009088,het_gp_qb_ctx,2023,9.0
lag_yards_per_pass_attempt_z,-0.004386921549247643,0.038238440312556604,het_gp_qb_ctx,2023,9.0
lag_avg_depth_of_target_z,0.0329931446949796,0.01994719707298191,het_gp_qb_ctx,2023,9.0
lag_rush_share_z,0.004826643565471262,0.027624092740528967,het_gp_qb_ctx,2023,9.0
temp_z,-0.03465029778921574,0.024380234880476123,het_gp_qb_ctx,2023,9.0
wind_z,-0.06312108777529232,0.029234998116797292,het_gp_qb_ctx,2023,9.0
games_missed_ytd_z,-0.17636170375250548,0.03104793772474081,het_gp_qb_ctx,2023,9.0
lag_offense_pct_z,0.22550497964693894,0.042623983159873036,het_gp_qb_ctx,2023,9.0
team_spread_z,-0.07366609009535716,0.06464225899876698,het_gp_qb_ctx,2023,9.0
vegas_team_total_z,0.050670024819045055,0.06414497142463067,het_gp_qb_ctx,2023,9.0
ctx:exp_pts_for[QB],0.033138451963263406,0.059971422020240146,het_gp_qb_ctx,2023,9.0
ctx:exp_margin[QB],0.04720220174003772,0.06263545310168361,het_gp_qb_ctx,2023,9.0
roll_avg_points_allowed_z,-0.009079081631398481,0.02186503736623058,het_gp_qb_ctx_novegas,2023,9.0
lag_yards_per_rush_attempt_z,-0.0010883351356903474,0.02272522226567599,het_gp_qb_ctx_novegas,2023,9.0
lag_yards_per_pass_attempt_z,-0.001304157187518963,0.03705609495454497,het_gp_qb_ctx_novegas,2023,9.0
lag_avg_depth_of_target_z,0.03412694067874218,0.02074969448066638,het_gp_qb_ctx_novegas,2023,9.0
lag_rush_share_z,0.003497793557739842,0.026552838334522086,het_gp_qb_ctx_novegas,2023,9.0
temp_z,-0.028568408883537937,0.02386117198452029,het_gp_qb_ctx_novegas,2023,9.0
wind_z,-0.06442486546435475,0.030503695702927394,het_gp_qb_ctx_novegas,2023,9.0
games_missed_ytd_z,-0.17813722701754317,0.03245344644692818,het_gp_qb_ctx_novegas,2023,9.0
lag_offense_pct_z,0.21937202466296296,0.040648439510614864,het_gp_qb_ctx_novegas,2023,9.0
ctx:exp_pts_for[QB],0.06181089302834901,0.04320558588538054,het_gp_qb_ctx_novegas,2023,9.0
ctx:exp_margin[QB],-0.007014076253593786,0.03958185496733,het_gp_qb_ctx_novegas,2023,9.0
spread_line_z,0.006700669845120886,0.019891977842751495,het_gp_qb,2023,12.0
roll_avg_points_allowed_z,-0.014410393011746894,0.02071022039876183,het_gp_qb,2023,12.0
lag_yards_per_rush_attempt_z,-0.0018602116362709145,0.0221345734287417,het_gp_qb,2023,12.0
lag_yards_per_pass_attempt_z,0.008042482390803239,0.037655953469952895,het_gp_qb,2023,12.0
lag_avg_depth_of_target_z,0.03000813970860283,0.02031890688786708,het_gp_qb,2023,12.0
lag_rush_share_z,0.004918222135414896,0.02747913550265861,het_gp_qb,2023,12.0
temp_z,-0.020684109427567387,0.024105936042296206,het_gp_qb,2023,12.0
wind_z,-0.059347457420338395,0.028394874693844288,het_gp_qb,2023,12.0
games_missed_ytd_z,-0.17968339880003817,0.03162185198488264,het_gp_qb,2023,12.0
lag_offense_pct_z,0.19552024889402483,0.03982911965059539,het_gp_qb,2023,12.0
roll_avg_points_allowed_z,-0.009945874401511122,0.02052120640110232,het_gp_qb_vegas,2023,12.0
lag_yards_per_rush_attempt_z,-0.004791849405219597,0.022671440057807433,het_gp_qb_vegas,2023,12.0
lag_yards_per_pass_attempt_z,0.00956228233682902,0.03629219817697978,het_gp_qb_vegas,2023,12.0
lag_avg_depth_of_target_z,0.029345007954801036,0.02003143100562887,het_gp_qb_vegas,2023,12.0
lag_rush_share_z,0.006168246835902907,0.027124591327839138,het_gp_qb_vegas,2023,12.0
temp_z,-0.031709556016288686,0.022389524297266386,het_gp_qb_vegas,2023,12.0
wind_z,-0.05828025923037018,0.03066538459333895,het_gp_qb_vegas,2023,12.0
games_missed_ytd_z,-0.17570655511648597,0.030764364160497326,het_gp_qb_vegas,2023,12.0
lag_offense_pct_z,0.19697040467258792,0.037157124298872204,het_gp_qb_vegas,2023,12.0
team_spread_z,-0.0952494241841807,0.06004300149852623,het_gp_qb_vegas,2023,12.0
vegas_team_total_z,0.07448474200089321,0.05041573156043041,het_gp_qb_vegas,2023,12.0
roll_avg_points_allowed_z,-0.012709547139176436,0.01900637683587121,het_gp_qb_ctx,2023,12.0
lag_yards_per_rush_attempt_z,-0.0031139715783675723,0.022716530734215205,het_gp_qb_ctx,2023,12.0
lag_yards_per_pass_attempt_z,-0.0021056395717821345,0.03913519336991235,het_gp_qb_ctx,2023,12.0
lag_avg_depth_of_target_z,0.03117573025212952,0.020641493424128878,het_gp_qb_ctx,2023,12.0
lag_rush_share_z,0.0036159750219458453,0.026303633896093144,het_gp_qb_ctx,2023,12.0
temp_z,-0.02545065826120082,0.024120442963640767,het_gp_qb_ctx,2023,12.0
wind_z,-0.06284758947597069,0.028551757107952203,het_gp_qb_ctx,2023,12.0
games_missed_ytd_z,-0.17068670717079276,0.033279702609287455,het_gp_qb_ctx,2023,12.0
lag_offense_pct_z,0.21264059965146112,0.0417403601067569,het_gp_qb_ctx,2023,12.0
team_spread_z,-0.06488320248792978,0.06892419896239872,het_gp_qb_ctx,2023,12.0
vegas_team_total_z,0.02719248944001672,0.06680026589917461,het_gp_qb_ctx,2023,12.0
ctx:exp_pts_for[QB],0.03600211644915931,0.062031750645187456,het_gp_qb_ctx,2023,12.0
ctx:exp_margin[QB],0.0484092623251384,0.06700558811244266,het_gp_qb_ctx,2023,12.0
roll_avg_points_allowed_z,-0.014775612429243887,0.020859341670197335,het_gp_qb_ctx_novegas,2023,12.0
lag_yards_per_rush_attempt_z,-0.0026349719012433823,0.02306719370210073,het_gp_qb_ctx_novegas,2023,12.0
lag_yards_per_pass_attempt_z,-0.0009294348258667806,0.03722689120838474,het_gp_qb_ctx_novegas,2023,12.0
lag_avg_depth_of_target_z,0.03172067000311522,0.019790351929917033,het_gp_qb_ctx_novegas,2023,12.0
lag_rush_share_z,0.006360087859480456,0.027392626556520687,het_gp_qb_ctx_novegas,2023,12.0
temp_z,-0.022631164686166147,0.023150101451551067,het_gp_qb_ctx_novegas,2023,12.0
wind_z,-0.0600690394497761,0.030010267358317567,het_gp_qb_ctx_novegas,2023,12.0
games_missed_ytd_z,-0.170843979341754,0.031135037193832336,het_gp_qb_ctx_novegas,2023,12.0
lag_offense_pct_z,0.21334326649309587,0.036710213725998496,het_gp_qb_ctx_novegas,2023,12.0
ctx:exp_pts_for[QB],0.05822812167763188,0.042364771741781854,het_gp_qb_ctx_novegas,2023,12.0
ctx:exp_margin[QB],-0.006711956217948376,0.03755637790788195,het_gp_qb_ctx_novegas,2023,12.0
spread_line_z,0.019075505139480392,0.01916953638969142,het_gp_qb,2023,15.0
roll_avg_points_allowed_z,-0.018288236038674098,0.020107669067806196,het_gp_qb,2023,15.0
lag_yards_per_rush_attempt_z,-0.0027196336504295496,0.021165612566848815,het_gp_qb,2023,15.0
lag_yards_per_pass_attempt_z,-0.004943413433409053,0.03686785563416304,het_gp_qb,2023,15.0
lag_avg_depth_of_target_z,0.025025457424572177,0.01887613216636341,het_gp_qb,2023,15.0
lag_rush_share_z,-0.002459388054012602,0.025920403041501495,het_gp_qb,2023,15.0
temp_z,-0.0209303506084135,0.022374805584630453,het_gp_qb,2023,15.0
wind_z,-0.05845747522247635,0.028409291789731516,het_gp_qb,2023,15.0
games_missed_ytd_z,-0.17998263998024347,0.03122443243040879,het_gp_qb,2023,15.0
lag_offense_pct_z,0.21917141263159837,0.03755134669568716,het_gp_qb,2023,15.0
roll_avg_points_allowed_z,-0.014874492722514848,0.019997329796188266,het_gp_qb_vegas,2023,15.0
lag_yards_per_rush_attempt_z,-0.008406894272932614,0.022014425525871423,het_gp_qb_vegas,2023,15.0
lag_yards_per_pass_attempt_z,-0.003642580467062393,0.035501696094338744,het_gp_qb_vegas,2023,15.0
lag_avg_depth_of_target_z,0.024957613127461,0.020450713184935614,het_gp_qb_vegas,2023,15.0
lag_rush_share_z,0.001781854939464643,0.02660375831851462,het_gp_qb_vegas,2023,15.0
temp_z,-0.030585844075132457,0.02275573601545939,het_gp_qb_vegas,2023,15.0
wind_z,-0.05533925421762217,0.026869393779547023,het_gp_qb_vegas,2023,15.0
games_missed_ytd_z,-0.17565642014009525,0.030259886412351823,het_gp_qb_vegas,2023,15.0
lag_offense_pct_z,0.22319423196785373,0.03637727860360993,het_gp_qb_vegas,2023,15.0
team_spread_z,-0.09718503521701638,0.055650313128174984,het_gp_qb_vegas,2023,15.0
vegas_team_total_z,0.07985657291637666,0.046057011732973066,het_gp_qb_vegas,2023,15.0
roll_avg_points_allowed_z,-0.01616822629113892,0.01912941732876581,het_gp_qb_ctx,2023,15.0
lag_yards_per_rush_attempt_z,-0.007233837591433734,0.02160795231343889,het_gp_qb_ctx,2023,15.0
lag_yards_per_pass_attempt_z,-0.008761870756544386,0.03797816470143388,het_gp_qb_ctx,2023,15.0
lag_avg_depth_of_target_z,0.02659764731349413,0.020471097718555483,het_gp_qb_ctx,2023,15.0
lag_rush_share_z,-0.001723153325215312,0.024723827063249663,het_gp_qb_ctx,2023,15.0
temp_z,-0.027230648400431167,0.023108588815582903,het_gp_qb_ctx,2023,15.0
wind_z,-0.061423258281392494,0.027198601364334496,het_gp_qb_ctx,2023,15.0
games_missed_ytd_z,-0.17420249384414935,0.029230152451448794,het_gp_qb_ctx,2023,15.0
lag_offense_pct_z,0.23130065293449376,0.037900458326217516,het_gp_qb_ctx,2023,15.0
team_spread_z,-0.06359867438439058,0.06147392321142071,het_gp_qb_ctx,2023,15.0
vegas_team_total_z,0.025918660999178975,0.06381856673467179,het_gp_qb_ctx,2023,15.0
ctx:exp_pts_for[QB],0.04567019603337411,0.05461736922413206,het_gp_qb_ctx,2023,15.0
ctx:exp_margin[QB],0.026990843566029193,0.059043526710026266,het_gp_qb_ctx,2023,15.0
roll_avg_points_allowed_z,-0.017033495732334834,0.018550933611303038,het_gp_qb_ctx_novegas,2023,15.0
lag_yards_per_rush_attempt_z,-0.006427842685058461,0.021444468757570664,het_gp_qb_ctx_novegas,2023,15.0
lag_yards_per_pass_attempt_z,-0.011480610166321795,0.03731874857421494,het_gp_qb_ctx_novegas,2023,15.0
lag_avg_depth_of_target_z,0.027580611658582863,0.020705108272997923,het_gp_qb_ctx_novegas,2023,15.0
lag_rush_share_z,-0.0008511839252534823,0.02606628840495713,het_gp_qb_ctx_novegas,2023,15.0
temp_z,-0.02191353635509032,0.022808791430514373,het_gp_qb_ctx_novegas,2023,15.0
wind_z,-0.06216088086476367,0.026576538411600042,het_gp_qb_ctx_novegas,2023,15.0
games_missed_ytd_z,-0.17535412533815245,0.03213095934693708,het_gp_qb_ctx_novegas,2023,15.0
lag_offense_pct_z,0.23150257324078213,0.03898344313688313,het_gp_qb_ctx_novegas,2023,15.0
ctx:exp_pts_for[QB],0.060841716620991915,0.04007778888544009,het_gp_qb_ctx_novegas,2023,15.0
ctx:exp_margin[QB],-0.023474269892716688,0.037276491113534226,het_gp_qb_ctx_novegas,2023,15.0
spread_line_z,0.02956645454008293,0.020322424728664797,het_gp_qb,2024,6.0
roll_avg_points_allowed_z,-0.0005839017728093264,0.021648293319188612,het_gp_qb,2024,6.0
lag_yards_per_rush_attempt_z,-0.002797728575190223,0.023101445974192964,het_gp_qb,2024,6.0
lag_yards_per_pass_attempt_z,-0.01364159347780749,0.040073226441330496,het_gp_qb,2024,6.0
lag_avg_depth_of_target_z,0.020105826502578857,0.02258442630737538,het_gp_qb,2024,6.0
lag_rush_share_z,-0.03435988910420129,0.03028674306986519,het_gp_qb,2024,6.0
temp_z,-0.030644771260317737,0.02648383078159989,het_gp_qb,2024,6.0
wind_z,-0.036695762629047106,0.03114627229587576,het_gp_qb,2024,6.0
games_missed_ytd_z,-0.1306039279950178,0.03423664569853303,het_gp_qb,2024,6.0
lag_offense_pct_z,0.2513005395271381,0.0427914071719012,het_gp_qb,2024,6.0
roll_avg_points_allowed_z,0.0072257976095521535,0.021677368285681578,het_gp_qb_vegas,2024,6.0
lag_yards_per_rush_attempt_z,-0.006977424075279849,0.023471685600637594,het_gp_qb_vegas,2024,6.0
lag_yards_per_pass_attempt_z,-0.01773229050192819,0.04094151300347964,het_gp_qb_vegas,2024,6.0
lag_avg_depth_of_target_z,0.020130481790349375,0.022876249071570535,het_gp_qb_vegas,2024,6.0
lag_rush_share_z,-0.03074470517705367,0.029023257303136207,het_gp_qb_vegas,2024,6.0
temp_z,-0.03911387968991846,0.026255708236204454,het_gp_qb_vegas,2024,6.0
wind_z,-0.03639170160231095,0.031528701109870924,het_gp_qb_vegas,2024,6.0
games_missed_ytd_z,-0.12169109751004879,0.033034754752766245,het_gp_qb_vegas,2024,6.0
lag_offense_pct_z,0.26260386019220117,0.04231019141939406,het_gp_qb_vegas,2024,6.0
team_spread_z,-0.09604392762752224,0.058229346459378044,het_gp_qb_vegas,2024,6.0
vegas_team_total_z,0.11880440672709193,0.0513838561489261,het_gp_qb_vegas,2024,6.0
roll_avg_points_allowed_z,0.002097709142257765,0.022167095137050397,het_gp_qb_ctx,2024,6.0
lag_yards_per_rush_attempt_z,-0.00401183874031407,0.024419271002072678,het_gp_qb_ctx,2024,6.0
lag_yards_per_pass_attempt_z,-0.027178910726573986,0.04209068505211949,het_gp_qb_ctx,2024,6.0
lag_avg_depth_of_target_z,0.020000546969888226,0.02239556011464798,het_gp_qb_ctx,2024,6.0
lag_rush_share_z,-0.030528010450504225,0.02911991205732386,het_gp_qb_ctx,2024,6.0
temp_z,-0.03462246949142894,0.026435780249717444,het_gp_qb_ctx,2024,6.0
wind_z,-0.040067853701001056,0.03203265335353251,het_gp_qb_ctx,2024,6.0
games_missed_ytd_z,-0.11783653982627486,0.031289199034206704,het_gp_qb_ctx,2024,6.0
lag_offense_pct_z,0.275636999722141,0.04492155617986083,het_gp_qb_ctx,2024,6.0
team_spread_z,-0.07182776192340318,0.061422007004570435,het_gp_qb_ctx,2024,6.0
vegas_team_total_z,0.07686927764569865,0.06454793333425109,het_gp_qb_ctx,2024,6.0
ctx:exp_pts_for[QB],0.019730065705824997,0.059909398912896226,het_gp_qb_ctx,2024,6.0
ctx:exp_margin[QB],0.0010651827030337064,0.05827460957354197,het_gp_qb_ctx,2024,6.0
roll_avg_points_allowed_z,0.0015132657750072853,0.02231112837344418,het_gp_qb_ctx_novegas,2024,6.0
lag_yards_per_rush_attempt_z,-0.002424268650302396,0.02429177857788535,het_gp_qb_ctx_novegas,2024,6.0
lag_yards_per_pass_attempt_z,-0.022609646845579177,0.03914574246503781,het_gp_qb_ctx_novegas,2024,6.0
lag_avg_depth_of_target_z,0.022560225654510893,0.02281382268428058,het_gp_qb_ctx_novegas,2024,6.0
lag_rush_share_z,-0.0319226727141325,0.028747349556953013,het_gp_qb_ctx_novegas,2024,6.0
temp_z,-0.031598224590386324,0.02646058412939801,het_gp_qb_ctx_novegas,2024,6.0
wind_z,-0.04520213667079322,0.033293564312444276,het_gp_qb_ctx_novegas,2024,6.0
games_missed_ytd_z,-0.12328069943790824,0.034130600434607306,het_gp_qb_ctx_novegas,2024,6.0
lag_offense_pct_z,0.27150235450610105,0.04463846209311173,het_gp_qb_ctx_novegas,2024,6.0
ctx:exp_pts_for[QB],0.0726102320751904,0.042150182104017914,het_gp_qb_ctx_novegas,2024,6.0
ctx:exp_margin[QB],-0.05022714807516356,0.03760828063673422,het_gp_qb_ctx_novegas,2024,6.0
spread_line_z,0.01960853776932033,0.019359815229648164,het_gp_qb,2024,9.0
roll_avg_points_allowed_z,-0.0014242288167835532,0.020122913721381322,het_gp_qb,2024,9.0
lag_yards_per_rush_attempt_z,0.0019166360183339604,0.023681326108581445,het_gp_qb,2024,9.0
lag_yards_per_pass_attempt_z,0.007916427981152444,0.038820972568871154,het_gp_qb,2024,9.0
lag_avg_depth_of_target_z,0.0216316384184852,0.02280724728024116,het_gp_qb,2024,9.0
lag_rush_share_z,-0.030394896413167113,0.02959675504634096,het_gp_qb,2024,9.0
temp_z,-0.03228332097143617,0.02455664474353216,het_gp_qb,2024,9.0
wind_z,-0.04134455699228012,0.029047352810926498,het_gp_qb,2024,9.0
games_missed_ytd_z,-0.1308325259388663,0.03312415575991794,het_gp_qb,2024,9.0
lag_offense_pct_z,0.23221108949608374,0.04235914647913953,het_gp_qb,2024,9.0
roll_avg_points_allowed_z,0.0043420879801859364,0.02045302918164906,het_gp_qb_vegas,2024,9.0
lag_yards_per_rush_attempt_z,0.0003220381166824736,0.02402089284571891,het_gp_qb_vegas,2024,9.0
lag_yards_per_pass_attempt_z,0.0047791112755812505,0.041098111751093874,het_gp_qb_vegas,2024,9.0
lag_avg_depth_of_target_z,0.020687142093965282,0.02051838757613385,het_gp_qb_vegas,2024,9.0
lag_rush_share_z,-0.029785319041503503,0.027944630176369667,het_gp_qb_vegas,2024,9.0
temp_z,-0.040041414126353904,0.025503636846386218,het_gp_qb_vegas,2024,9.0
wind_z,-0.04049172268808181,0.030687703258781833,het_gp_qb_vegas,2024,9.0
games_missed_ytd_z,-0.12148857533568713,0.032177887649913965,het_gp_qb_vegas,2024,9.0
lag_offense_pct_z,0.24014620816068613,0.04196926212107761,het_gp_qb_vegas,2024,9.0
team_spread_z,-0.08120790993956262,0.054921708676237316,het_gp_qb_vegas,2024,9.0
vegas_team_total_z,0.09547661594511618,0.04723730601581225,het_gp_qb_vegas,2024,9.0
roll_avg_points_allowed_z,0.001294204308998815,0.020760871750472254,het_gp_qb_ctx,2024,9.0
lag_yards_per_rush_attempt_z,0.003215105377741438,0.022095432066925793,het_gp_qb_ctx,2024,9.0
lag_yards_per_pass_attempt_z,0.0061155029436914055,0.04087455997236704,het_gp_qb_ctx,2024,9.0
lag_avg_depth_of_target_z,0.021342036851140434,0.02186894940758624,het_gp_qb_ctx,2024,9.0
lag_rush_share_z,-0.02537369929363838,0.028552752181502956,het_gp_qb_ctx,2024,9.0
temp_z,-0.036593223739664844,0.024234811418428856,het_gp_qb_ctx,2024,9.0
wind_z,-0.042769212733391536,0.03137630700941848,het_gp_qb_ctx,2024,9.0
games_missed_ytd_z,-0.11918499427992202,0.03141620138022303,het_gp_qb_ctx,2024,9.0
lag_offense_pct_z,0.2411993685287682,0.043771782137339905,het_gp_qb_ctx,2024,9.0
team_spread_z,-0.06519346197048788,0.05954345713780615,het_gp_qb_ctx,2024,9.0
vegas_team_total_z,0.07497070520788242,0.06214285393731267,het_gp_qb_ctx,2024,9.0
ctx:exp_pts_for[QB],0.0041194568987630185,0.0571083093765731,het_gp_qb_ctx,2024,9.0
ctx:exp_margin[QB],-0.0018190445917298384,0.05802773670558708,het_gp_qb_ctx,2024,9.0
roll_avg_points_allowed_z,0.0009035949164082973,0.020942609722223747,het_gp_qb_ctx_novegas,2024,9.0
lag_yards_per_rush_attempt_z,0.003261448717041785,0.02283523892564562,het_gp_qb_ctx_novegas,2024,9.0
lag_yards_per_pass_attempt_z,0.007392535028042109,0.039641561274108277,het_gp_qb_ctx_novegas,2024,9.0
lag_avg_depth_of_target_z,0.023210386516015247,0.02162610822178802,het_gp_qb_ctx_novegas,2024,9.0
lag_rush_share_z,-0.027715154440252618,0.02853683255024263,het_gp_qb_ctx_novegas,2024,9.0
temp_z,-0.03313976782657947,0.024401001446453668,het_gp_qb_ctx_novegas,2024,9.0
wind_z,-0.04850134052108539,0.029521125367622577,het_gp_qb_ctx_novegas,2024,9.0
games_missed_ytd_z,-0.1220875419213947,0.032794307126626024,het_gp_qb_ctx_novegas,2024,9.0
lag_offense_pct_z,0.23954629851302317,0.043836154463311156,het_gp_qb_ctx_novegas,2024,9.0
ctx:exp_pts_for[QB],0.054438545522069746,0.03769637394796657,het_gp_qb_ctx_novegas,2024,9.0
ctx:exp_margin[QB],-0.04741474628567706,0.03338182032837929,het_gp_qb_ctx_novegas,2024,9.0
spread_line_z,0.024520231982063226,0.020428985210315696,het_gp_qb,2024,12.0
roll_avg_points_allowed_z,-0.008546036558610791,0.01924273829542913,het_gp_qb,2024,12.0
lag_yards_per_rush_attempt_z,0.005185260390833985,0.02399272206821432,het_gp_qb,2024,12.0
lag_yards_per_pass_attempt_z,0.024330052485756797,0.03601222526232784,het_gp_qb,2024,12.0
lag_avg_depth_of_target_z,0.008732906310670287,0.021293918435098938,het_gp_qb,2024,12.0
lag_rush_share_z,-0.030838147335669832,0.027232244743717958,het_gp_qb,2024,12.0
temp_z,-0.02982894449269768,0.022937613566152315,het_gp_qb,2024,12.0
wind_z,-0.038531498325883234,0.02896998030864127,het_gp_qb,2024,12.0
games_missed_ytd_z,-0.12701664871247556,0.03235423761483605,het_gp_qb,2024,12.0
lag_offense_pct_z,0.22159428451916982,0.039901902807784245,het_gp_qb,2024,12.0
roll_avg_points_allowed_z,-0.002020455368110777,0.02060851482225804,het_gp_qb_vegas,2024,12.0
lag_yards_per_rush_attempt_z,0.0015633936077320504,0.02308565663737108,het_gp_qb_vegas,2024,12.0
lag_yards_per_pass_attempt_z,0.019376481855178224,0.03866918256392251,het_gp_qb_vegas,2024,12.0
lag_avg_depth_of_target_z,0.009400224869300236,0.02022625329264475,het_gp_qb_vegas,2024,12.0
lag_rush_share_z,-0.025301217610755603,0.026915933104928458,het_gp_qb_vegas,2024,12.0
temp_z,-0.03955021220913784,0.023963936031269794,het_gp_qb_vegas,2024,12.0
wind_z,-0.03800190694651179,0.029474753206279965,het_gp_qb_vegas,2024,12.0
games_missed_ytd_z,-0.12392173877059344,0.03173596805928178,het_gp_qb_vegas,2024,12.0
lag_offense_pct_z,0.23400174599063495,0.04270443368527265,het_gp_qb_vegas,2024,12.0
team_spread_z,-0.08566445365151507,0.05192007357240695,het_gp_qb_vegas,2024,12.0
vegas_team_total_z,0.10835851421276702,0.047606158094977216,het_gp_qb_vegas,2024,12.0
roll_avg_points_allowed_z,-0.007205852589782524,0.01936204175400983,het_gp_qb_ctx,2024,12.0
lag_yards_per_rush_attempt_z,0.006410701020791233,0.02140059915320544,het_gp_qb_ctx,2024,12.0
lag_yards_per_pass_attempt_z,0.013730872702575924,0.038503492540033636,het_gp_qb_ctx,2024,12.0
lag_avg_depth_of_target_z,0.008143113454932618,0.02152106414636588,het_gp_qb_ctx,2024,12.0
lag_rush_share_z,-0.025071312941769855,0.026124330598425345,het_gp_qb_ctx,2024,12.0
temp_z,-0.03392586096476847,0.024202045442309153,het_gp_qb_ctx,2024,12.0
wind_z,-0.03928382114851947,0.03100081246467121,het_gp_qb_ctx,2024,12.0
games_missed_ytd_z,-0.12012658409420962,0.029839485444379567,het_gp_qb_ctx,2024,12.0
lag_offense_pct_z,0.24521238128447626,0.03955057360707395,het_gp_qb_ctx,2024,12.0
team_spread_z,-0.08467813060661301,0.05720848903036331,het_gp_qb_ctx,2024,12.0
vegas_team_total_z,0.09628713257441097,0.05847178742232349,het_gp_qb_ctx,2024,12.0
ctx:exp_pts_for[QB],-0.02107297105266158,0.05389983428737338,het_gp_qb_ctx,2024,12.0
ctx:exp_margin[QB],0.032642793302007866,0.056175797706264866,het_gp_qb_ctx,2024,12.0
roll_avg_points_allowed_z,-0.009566991274428987,0.020594892805318125,het_gp_qb_ctx_novegas,2024,12.0
lag_yards_per_rush_attempt_z,0.006498671004907804,0.023187332970099426,het_gp_qb_ctx_novegas,2024,12.0
lag_yards_per_pass_attempt_z,0.01909134793145185,0.03838465428429735,het_gp_qb_ctx_novegas,2024,12.0
lag_avg_depth_of_target_z,0.009223246427640846,0.02048003684766457,het_gp_qb_ctx_novegas,2024,12.0
lag_rush_share_z,-0.025140663115755187,0.028356340069363228,het_gp_qb_ctx_novegas,2024,12.0
temp_z,-0.028476052063055313,0.023042786925134957,het_gp_qb_ctx_novegas,2024,12.0
wind_z,-0.04248747412832074,0.02996473082350307,het_gp_qb_ctx_novegas,2024,12.0
games_missed_ytd_z,-0.12261082422308361,0.03094294058513717,het_gp_qb_ctx_novegas,2024,12.0
lag_offense_pct_z,0.23783740321387867,0.04066446392970122,het_gp_qb_ctx_novegas,2024,12.0
ctx:exp_pts_for[QB],0.03560218331480771,0.03941983434364623,het_gp_qb_ctx_novegas,2024,12.0
ctx:exp_margin[QB],-0.026482672466912258,0.0339855278966979,het_gp_qb_ctx_novegas,2024,12.0
spread_line_z,0.026997431867028368,0.019034734960850657,het_gp_qb,2024,15.0
roll_avg_points_allowed_z,-0.008349101742814297,0.019831653149205968,het_gp_qb,2024,15.0
lag_yards_per_rush_attempt_z,0.0003785637451010299,0.021178976567994796,het_gp_qb,2024,15.0
lag_yards_per_pass_attempt_z,0.03347947592350128,0.03646254821792703,het_gp_qb,2024,15.0
lag_avg_depth_of_target_z,0.008545838906424894,0.019913148462336685,het_gp_qb,2024,15.0
lag_rush_share_z,-0.030461391155448145,0.02654379315226839,het_gp_qb,2024,15.0
temp_z,-0.033558498638693826,0.022708380061762533,het_gp_qb,2024,15.0
wind_z,-0.043578005416853235,0.027581606071535585,het_gp_qb,2024,15.0
games_missed_ytd_z,-0.12261452790406631,0.032593287245166,het_gp_qb,2024,15.0
lag_offense_pct_z,0.2261015621358498,0.03938015966328943,het_gp_qb,2024,15.0
roll_avg_points_allowed_z,0.0007839993044620848,0.02008026510661351,het_gp_qb_vegas,2024,15.0
lag_yards_per_rush_attempt_z,-0.00147001356155325,0.021885152768236882,het_gp_qb_vegas,2024,15.0
lag_yards_per_pass_attempt_z,0.02999887855162074,0.035059480720256886,het_gp_qb_vegas,2024,15.0
lag_avg_depth_of_target_z,0.00750763742105061,0.02036933985931408,het_gp_qb_vegas,2024,15.0
lag_rush_share_z,-0.02824061437850867,0.026955722040017678,het_gp_qb_vegas,2024,15.0
temp_z,-0.04470587750555703,0.023519568197466378,het_gp_qb_vegas,2024,15.0
wind_z,-0.0397173055799834,0.029879462931442398,het_gp_qb_vegas,2024,15.0
games_missed_ytd_z,-0.12174053402441075,0.030014351546895506,het_gp_qb_vegas,2024,15.0
lag_offense_pct_z,0.2377629237364409,0.03927994930445079,het_gp_qb_vegas,2024,15.0
team_spread_z,-0.0892568885228741,0.05249790852139656,het_gp_qb_vegas,2024,15.0
vegas_team_total_z,0.11279125564389586,0.04765855390138616,het_gp_qb_vegas,2024,15.0
roll_avg_points_allowed_z,-0.006102663848618461,0.020343714961159907,het_gp_qb_ctx,2024,15.0
lag_yards_per_rush_attempt_z,0.002464187311317791,0.021387602466677726,het_gp_qb_ctx,2024,15.0
lag_yards_per_pass_attempt_z,0.023743363222913354,0.03700165899938969,het_gp_qb_ctx,2024,15.0
lag_avg_depth_of_target_z,0.008269597416237449,0.01982032706798676,het_gp_qb_ctx,2024,15.0
lag_rush_share_z,-0.023713850074321377,0.025625174139006,het_gp_qb_ctx,2024,15.0
temp_z,-0.0393679313770048,0.022793127593645674,het_gp_qb_ctx,2024,15.0
wind_z,-0.04272401831831758,0.03011458416237052,het_gp_qb_ctx,2024,15.0
games_missed_ytd_z,-0.11952876517973984,0.0299518595229907,het_gp_qb_ctx,2024,15.0
lag_offense_pct_z,0.24965242732971077,0.039867415651414745,het_gp_qb_ctx,2024,15.0
team_spread_z,-0.08584192306843026,0.05751052391955776,het_gp_qb_ctx,2024,15.0
vegas_team_total_z,0.10336909537732296,0.05685103475441659,het_gp_qb_ctx,2024,15.0
ctx:exp_pts_for[QB],-0.033600410562815854,0.05310035941282808,het_gp_qb_ctx,2024,15.0
ctx:exp_margin[QB],0.028718025087118466,0.05502545865322821,het_gp_qb_ctx,2024,15.0
roll_avg_points_allowed_z,-0.00825550161277738,0.02043816614424007,het_gp_qb_ctx_novegas,2024,15.0
lag_yards_per_rush_attempt_z,0.0038088505997249705,0.021048778247492888,het_gp_qb_ctx_novegas,2024,15.0
lag_yards_per_pass_attempt_z,0.0275561850881035,0.036639002298647146,het_gp_qb_ctx_novegas,2024,15.0
lag_avg_depth_of_target_z,0.009254938218923604,0.020698920196810574,het_gp_qb_ctx_novegas,2024,15.0
lag_rush_share_z,-0.026644235333390654,0.026779012484126813,het_gp_qb_ctx_novegas,2024,15.0
temp_z,-0.03294873444136805,0.023536710942843563,het_gp_qb_ctx_novegas,2024,15.0
wind_z,-0.048351986405209824,0.028900237413122712,het_gp_qb_ctx_novegas,2024,15.0
games_missed_ytd_z,-0.12197229275090889,0.03086874751756051,het_gp_qb_ctx_novegas,2024,15.0
lag_offense_pct_z,0.2456740165953826,0.03880654023400263,het_gp_qb_ctx_novegas,2024,15.0
ctx:exp_pts_for[QB],0.027682165052465714,0.03988961216986441,het_gp_qb_ctx_novegas,2024,15.0
ctx:exp_margin[QB],-0.02759863324990855,0.035691760654700914,het_gp_qb_ctx_novegas,2024,15.0
spread_line_z,0.024526060071707365,0.020893300545884425,het_gp_qb,2025,6.0
roll_avg_points_allowed_z,-0.0003597203400377206,0.022353591590585867,het_gp_qb,2025,6.0
lag_yards_per_rush_attempt_z,0.00955063172900927,0.023711081076440987,het_gp_qb,2025,6.0
lag_yards_per_pass_attempt_z,0.02532312704579026,0.039849511425492756,het_gp_qb,2025,6.0
lag_avg_depth_of_target_z,-0.007603710263250819,0.023527659212001693,het_gp_qb,2025,6.0
lag_rush_share_z,-0.04612915050722865,0.029221857517913043,het_gp_qb,2025,6.0
temp_z,-0.022295129244828384,0.024889336607549207,het_gp_qb,2025,6.0
wind_z,-0.058013406968298493,0.03282500438640524,het_gp_qb,2025,6.0
games_missed_ytd_z,-0.0707371176271725,0.03563693914522529,het_gp_qb,2025,6.0
lag_offense_pct_z,0.24978347796524983,0.04472069188261377,het_gp_qb,2025,6.0
roll_avg_points_allowed_z,0.004255755672929253,0.021438317129744467,het_gp_qb_vegas,2025,6.0
lag_yards_per_rush_attempt_z,0.01139880132760456,0.024675046591067062,het_gp_qb_vegas,2025,6.0
lag_yards_per_pass_attempt_z,0.026045894085718325,0.03911807410592981,het_gp_qb_vegas,2025,6.0
lag_avg_depth_of_target_z,-0.009448757325830953,0.02464763061700056,het_gp_qb_vegas,2025,6.0
lag_rush_share_z,-0.04448599956192344,0.031181161303753126,het_gp_qb_vegas,2025,6.0
temp_z,-0.026241302964412072,0.02642182350465258,het_gp_qb_vegas,2025,6.0
wind_z,-0.05432438227200648,0.032966858034634144,het_gp_qb_vegas,2025,6.0
games_missed_ytd_z,-0.07247347132882427,0.035025290326992274,het_gp_qb_vegas,2025,6.0
lag_offense_pct_z,0.2502363066181727,0.043545233371378333,het_gp_qb_vegas,2025,6.0
team_spread_z,-0.045517363243338105,0.05451837843675204,het_gp_qb_vegas,2025,6.0
vegas_team_total_z,0.05936143215653668,0.050396628926947004,het_gp_qb_vegas,2025,6.0
roll_avg_points_allowed_z,-0.0015604279793952236,0.02153469115990636,het_gp_qb_ctx,2025,6.0
lag_yards_per_rush_attempt_z,0.01247701583135208,0.025447412059616342,het_gp_qb_ctx,2025,6.0
lag_yards_per_pass_attempt_z,0.019169765789549594,0.04126142067306379,het_gp_qb_ctx,2025,6.0
lag_avg_depth_of_target_z,-0.009554246717318766,0.022992797370451595,het_gp_qb_ctx,2025,6.0
lag_rush_share_z,-0.039822712642925,0.029130978599549565,het_gp_qb_ctx,2025,6.0
temp_z,-0.017217448238918187,0.026477362791401282,het_gp_qb_ctx,2025,6.0
wind_z,-0.05728621011461381,0.030833817344128003,het_gp_qb_ctx,2025,6.0
games_missed_ytd_z,-0.07005183523152174,0.0349346956858026,het_gp_qb_ctx,2025,6.0
lag_offense_pct_z,0.2624803740485041,0.044911662670126536,het_gp_qb_ctx,2025,6.0
team_spread_z,-0.03178038812713355,0.06577726811653106,het_gp_qb_ctx,2025,6.0
vegas_team_total_z,0.0436252074374184,0.06596089224781913,het_gp_qb_ctx,2025,6.0
ctx:exp_pts_for[QB],-0.023760444484664918,0.06544341258717343,het_gp_qb_ctx,2025,6.0
ctx:exp_margin[QB],0.005156477257343647,0.06387801059852018,het_gp_qb_ctx,2025,6.0
roll_avg_points_allowed_z,-0.0032374209187214942,0.022378107834390024,het_gp_qb_ctx_novegas,2025,6.0
lag_yards_per_rush_attempt_z,0.01361540849293563,0.02542208191570372,het_gp_qb_ctx_novegas,2025,6.0
lag_yards_per_pass_attempt_z,0.019652492472274213,0.040899116652155884,het_gp_qb_ctx_novegas,2025,6.0
lag_avg_depth_of_target_z,-0.009537508296325258,0.02376851386424826,het_gp_qb_ctx_novegas,2025,6.0
lag_rush_share_z,-0.04302984062016954,0.02857977963164304,het_gp_qb_ctx_novegas,2025,6.0
temp_z,-0.01662773454131543,0.02433598416741552,het_gp_qb_ctx_novegas,2025,6.0
wind_z,-0.060444940653945,0.03209547718673043,het_gp_qb_ctx_novegas,2025,6.0
games_missed_ytd_z,-0.07094688444514503,0.03513084303877445,het_gp_qb_ctx_novegas,2025,6.0
lag_offense_pct_z,0.2621042144822599,0.043748234606925965,het_gp_qb_ctx_novegas,2025,6.0
ctx:exp_pts_for[QB],0.0030790963371556783,0.04482249297232575,het_gp_qb_ctx_novegas,2025,6.0
ctx:exp_margin[QB],-0.016956276416954245,0.03778443963094019,het_gp_qb_ctx_novegas,2025,6.0
spread_line_z,0.029978551359541736,0.019443127765342613,het_gp_qb,2025,9.0
roll_avg_points_allowed_z,-0.003642832115769817,0.021154443643997684,het_gp_qb,2025,9.0
lag_yards_per_rush_attempt_z,0.018872396998266077,0.023748813601769704,het_gp_qb,2025,9.0
lag_yards_per_pass_attempt_z,0.021832841085009266,0.03995648327715627,het_gp_qb,2025,9.0
lag_avg_depth_of_target_z,-0.004567942272614037,0.02188104611399074,het_gp_qb,2025,9.0
lag_rush_share_z,-0.024131164800737966,0.028001462201212676,het_gp_qb,2025,9.0
temp_z,-0.02527155141643131,0.023731339135045312,het_gp_qb,2025,9.0
wind_z,-0.06766037505483152,0.029832837089103715,het_gp_qb,2025,9.0
games_missed_ytd_z,-0.08469798295245991,0.034425605669305186,het_gp_qb,2025,9.0
lag_offense_pct_z,0.24395462153514552,0.04223718041973022,het_gp_qb,2025,9.0
roll_avg_points_allowed_z,0.0019793131701331744,0.021003645171689574,het_gp_qb_vegas,2025,9.0
lag_yards_per_rush_attempt_z,0.019853336658267336,0.02328294107385059,het_gp_qb_vegas,2025,9.0
lag_yards_per_pass_attempt_z,0.023531865448915244,0.03774964623584834,het_gp_qb_vegas,2025,9.0
lag_avg_depth_of_target_z,-0.007000363865200509,0.022117686788441553,het_gp_qb_vegas,2025,9.0
lag_rush_share_z,-0.025466960619622926,0.02724555461113482,het_gp_qb_vegas,2025,9.0
temp_z,-0.026692719000673246,0.023797326469069863,het_gp_qb_vegas,2025,9.0
wind_z,-0.0608237167613341,0.030917378246040125,het_gp_qb_vegas,2025,9.0
games_missed_ytd_z,-0.08615273980541162,0.03485684776300169,het_gp_qb_vegas,2025,9.0
lag_offense_pct_z,0.24604993569985217,0.041677419117812524,het_gp_qb_vegas,2025,9.0
team_spread_z,-0.032675777715138514,0.05364554751328682,het_gp_qb_vegas,2025,9.0
vegas_team_total_z,0.05759662842239835,0.04845527828781669,het_gp_qb_vegas,2025,9.0
roll_avg_points_allowed_z,-0.0027545270698704095,0.0220957461812174,het_gp_qb_ctx,2025,9.0
lag_yards_per_rush_attempt_z,0.02055804397900402,0.02441950577331484,het_gp_qb_ctx,2025,9.0
lag_yards_per_pass_attempt_z,0.022162047341828472,0.041239263761909485,het_gp_qb_ctx,2025,9.0
lag_avg_depth_of_target_z,-0.006508513473353786,0.02250293546997921,het_gp_qb_ctx,2025,9.0
lag_rush_share_z,-0.021814601885732133,0.028343106174036608,het_gp_qb_ctx,2025,9.0
temp_z,-0.022343018671499404,0.025084226383919196,het_gp_qb_ctx,2025,9.0
wind_z,-0.0639431513469723,0.029976510780955687,het_gp_qb_ctx,2025,9.0
games_missed_ytd_z,-0.08383339567855236,0.03566142068792082,het_gp_qb_ctx,2025,9.0
lag_offense_pct_z,0.2514562736566042,0.042878112007442376,het_gp_qb_ctx,2025,9.0
team_spread_z,-0.014340998157896613,0.05944314429534783,het_gp_qb_ctx,2025,9.0
vegas_team_total_z,0.03639514684228246,0.06164458967108943,het_gp_qb_ctx,2025,9.0
ctx:exp_pts_for[QB],-0.011559054971365553,0.06061103476527046,het_gp_qb_ctx,2025,9.0
ctx:exp_margin[QB],-0.011642316098781316,0.05934622522649029,het_gp_qb_ctx,2025,9.0
roll_avg_points_allowed_z,-0.0030825985803156378,0.021005787642568354,het_gp_qb_ctx_novegas,2025,9.0
lag_yards_per_rush_attempt_z,0.019234060609455445,0.02191705531636706,het_gp_qb_ctx_novegas,2025,9.0
lag_yards_per_pass_attempt_z,0.019188889594582256,0.03626776952883455,het_gp_qb_ctx_novegas,2025,9.0
lag_avg_depth_of_target_z,-0.007993297953505712,0.02382750438271644,het_gp_qb_ctx_novegas,2025,9.0
lag_rush_share_z,-0.024048457527362715,0.029670963717596144,het_gp_qb_ctx_novegas,2025,9.0
temp_z,-0.021109746137113906,0.024576013230557855,het_gp_qb_ctx_novegas,2025,9.0
wind_z,-0.06783998818468416,0.03005838690143442,het_gp_qb_ctx_novegas,2025,9.0
games_missed_ytd_z,-0.08113301669746115,0.03389521765069726,het_gp_qb_ctx_novegas,2025,9.0
lag_offense_pct_z,0.254881068106953,0.04004184803231259,het_gp_qb_ctx_novegas,2025,9.0
ctx:exp_pts_for[QB],0.012861247573563227,0.042295191023606425,het_gp_qb_ctx_novegas,2025,9.0
ctx:exp_margin[QB],-0.020626784345333334,0.03707484355453577,het_gp_qb_ctx_novegas,2025,9.0
spread_line_z,0.02304769024721356,0.020546596099191006,het_gp_qb,2025,12.0
roll_avg_points_allowed_z,-0.011444021256245657,0.020137382618032905,het_gp_qb,2025,12.0
lag_yards_per_rush_attempt_z,0.027469388878628175,0.021417357378521316,het_gp_qb,2025,12.0
lag_yards_per_pass_attempt_z,0.01465836468720611,0.03848463396811614,het_gp_qb,2025,12.0
lag_avg_depth_of_target_z,-0.005925269126295798,0.02068539246399271,het_gp_qb,2025,12.0
lag_rush_share_z,-0.01608552450311411,0.026551141065659905,het_gp_qb,2025,12.0
temp_z,-0.025335700706417805,0.022613592365991322,het_gp_qb,2025,12.0
wind_z,-0.07624180076249659,0.030097201457962915,het_gp_qb,2025,12.0
games_missed_ytd_z,-0.08764355145328906,0.03323686374038092,het_gp_qb,2025,12.0
lag_offense_pct_z,0.2552502814249819,0.03994043820067521,het_gp_qb,2025,12.0
roll_avg_points_allowed_z,-0.0034992083334081455,0.021645057404537163,het_gp_qb_vegas,2025,12.0
lag_yards_per_rush_attempt_z,0.027276042795916108,0.022072037128336913,het_gp_qb_vegas,2025,12.0
lag_yards_per_pass_attempt_z,0.015282056516916123,0.03679181159473855,het_gp_qb_vegas,2025,12.0
lag_avg_depth_of_target_z,-0.0079566357358245,0.022889265411536158,het_gp_qb_vegas,2025,12.0
lag_rush_share_z,-0.017761092028601426,0.026892604419780905,het_gp_qb_vegas,2025,12.0
temp_z,-0.03038875287198438,0.022396808955660697,het_gp_qb_vegas,2025,12.0
wind_z,-0.0693892416310022,0.0297744277822488,het_gp_qb_vegas,2025,12.0
games_missed_ytd_z,-0.09085081719800105,0.033190730661519376,het_gp_qb_vegas,2025,12.0
lag_offense_pct_z,0.261244197178541,0.04211184049537756,het_gp_qb_vegas,2025,12.0
team_spread_z,-0.054448861183296296,0.05453489726441818,het_gp_qb_vegas,2025,12.0
vegas_team_total_z,0.08720288947377436,0.04824204650680629,het_gp_qb_vegas,2025,12.0
roll_avg_points_allowed_z,-0.00874192530979493,0.020378886077491085,het_gp_qb_ctx,2025,12.0
lag_yards_per_rush_attempt_z,0.02761187253279004,0.021035732415785453,het_gp_qb_ctx,2025,12.0
lag_yards_per_pass_attempt_z,0.004937370055732509,0.036907557261679054,het_gp_qb_ctx,2025,12.0
lag_avg_depth_of_target_z,-0.006646618980631967,0.020944664179686944,het_gp_qb_ctx,2025,12.0
lag_rush_share_z,-0.01669529109533851,0.02664096082750039,het_gp_qb_ctx,2025,12.0
temp_z,-0.024555440229517077,0.022399567892938167,het_gp_qb_ctx,2025,12.0
wind_z,-0.07174749801810681,0.030634074353618826,het_gp_qb_ctx,2025,12.0
games_missed_ytd_z,-0.08472223847457136,0.0327610855289573,het_gp_qb_ctx,2025,12.0
lag_offense_pct_z,0.27488299845331454,0.040036026407308474,het_gp_qb_ctx,2025,12.0
team_spread_z,-0.04446659176156125,0.05938484499958798,het_gp_qb_ctx,2025,12.0
vegas_team_total_z,0.0714927437087408,0.06025657837571012,het_gp_qb_ctx,2025,12.0
ctx:exp_pts_for[QB],-0.02078096344518122,0.05405525593153566,het_gp_qb_ctx,2025,12.0
ctx:exp_margin[QB],0.009283043290960464,0.05831716203907075,het_gp_qb_ctx,2025,12.0
roll_avg_points_allowed_z,-0.011073206162834087,0.021099027319849965,het_gp_qb_ctx_novegas,2025,12.0
lag_yards_per_rush_attempt_z,0.02896645119399129,0.020628506348319642,het_gp_qb_ctx_novegas,2025,12.0
lag_yards_per_pass_attempt_z,0.009473377713407035,0.03838765466740351,het_gp_qb_ctx_novegas,2025,12.0
lag_avg_depth_of_target_z,-0.007379272763462007,0.021801021683777462,het_gp_qb_ctx_novegas,2025,12.0
lag_rush_share_z,-0.01568976652737103,0.026892386450252728,het_gp_qb_ctx_novegas,2025,12.0
temp_z,-0.023083849081967613,0.02435659992819598,het_gp_qb_ctx_novegas,2025,12.0
wind_z,-0.0781551499009049,0.02881573438893417,het_gp_qb_ctx_novegas,2025,12.0
games_missed_ytd_z,-0.08622173321574138,0.03487806657258954,het_gp_qb_ctx_novegas,2025,12.0
lag_offense_pct_z,0.2707128919611302,0.03929030299745135,het_gp_qb_ctx_novegas,2025,12.0
ctx:exp_pts_for[QB],0.021413121243815912,0.041634318237644914,het_gp_qb_ctx_novegas,2025,12.0
ctx:exp_margin[QB],-0.014837036911905641,0.03746879956192086,het_gp_qb_ctx_novegas,2025,12.0
spread_line_z,0.021502231669593815,0.019355426295509435,het_gp_qb,2025,15.0
roll_avg_points_allowed_z,-0.009028733548862853,0.019406741400060698,het_gp_qb,2025,15.0
lag_yards_per_rush_attempt_z,0.03315544887419474,0.021499590134516834,het_gp_qb,2025,15.0
lag_yards_per_pass_attempt_z,0.011821011267305991,0.03725948710651035,het_gp_qb,2025,15.0
lag_avg_depth_of_target_z,-0.005440482684825492,0.020781765032372827,het_gp_qb,2025,15.0
lag_rush_share_z,-0.018221553831469464,0.02572399363207088,het_gp_qb,2025,15.0
temp_z,-0.015243707072864345,0.02405340890709249,het_gp_qb,2025,15.0
wind_z,-0.07777604979968818,0.026848146888712957,het_gp_qb,2025,15.0
games_missed_ytd_z,-0.08875479091379146,0.03367306127434188,het_gp_qb,2025,15.0
lag_offense_pct_z,0.2615475862040365,0.03902161952144791,het_gp_qb,2025,15.0
roll_avg_points_allowed_z,-0.0009517987409051588,0.021624692027748915,het_gp_qb_vegas,2025,15.0
lag_yards_per_rush_attempt_z,0.03371853201731358,0.023611394027129386,het_gp_qb_vegas,2025,15.0
lag_yards_per_pass_attempt_z,0.008583436887552193,0.0380774093181158,het_gp_qb_vegas,2025,15.0
lag_avg_depth_of_target_z,-0.006303615165452495,0.022146289762314062,het_gp_qb_vegas,2025,15.0
lag_rush_share_z,-0.018500135754412027,0.026172815298140095,het_gp_qb_vegas,2025,15.0
temp_z,-0.021629654087649587,0.02327474997366262,het_gp_qb_vegas,2025,15.0
wind_z,-0.07019317076416444,0.029452638868353854,het_gp_qb_vegas,2025,15.0
games_missed_ytd_z,-0.09354119206016757,0.02951222991763409,het_gp_qb_vegas,2025,15.0
lag_offense_pct_z,0.27200646390803546,0.04034210094572432,het_gp_qb_vegas,2025,15.0
team_spread_z,-0.0806300632832121,0.050576323118659686,het_gp_qb_vegas,2025,15.0
vegas_team_total_z,0.10386824553073204,0.0452915744377076,het_gp_qb_vegas,2025,15.0
roll_avg_points_allowed_z,-0.0063173502742595354,0.01929739174593898,het_gp_qb_ctx,2025,15.0
lag_yards_per_rush_attempt_z,0.03464526992015018,0.0216132026579158,het_gp_qb_ctx,2025,15.0
lag_yards_per_pass_attempt_z,0.0008643767191493473,0.039481835016987585,het_gp_qb_ctx,2025,15.0
lag_avg_depth_of_target_z,-0.00629689472299581,0.02141401748947907,het_gp_qb_ctx,2025,15.0
lag_rush_share_z,-0.015458423028647958,0.02476646025358345,het_gp_qb_ctx,2025,15.0
temp_z,-0.016436383218205404,0.02084735867634024,het_gp_qb_ctx,2025,15.0
wind_z,-0.0712532806220867,0.029562581088757686,het_gp_qb_ctx,2025,15.0
games_missed_ytd_z,-0.08572764700883342,0.03099053323907237,het_gp_qb_ctx,2025,15.0
lag_offense_pct_z,0.2809314308813663,0.041066383156094906,het_gp_qb_ctx,2025,15.0
team_spread_z,-0.0637164078950174,0.05863907995909901,het_gp_qb_ctx,2025,15.0
vegas_team_total_z,0.08573436853452374,0.058341254414351396,het_gp_qb_ctx,2025,15.0
ctx:exp_pts_for[QB],-0.021071678443627558,0.05367043020879696,het_gp_qb_ctx,2025,15.0
ctx:exp_margin[QB],0.015854624320402078,0.05530794192747911,het_gp_qb_ctx,2025,15.0
roll_avg_points_allowed_z,-0.007836235822160415,0.018778207095897722,het_gp_qb_ctx_novegas,2025,15.0
lag_yards_per_rush_attempt_z,0.034528765197702524,0.02187889188574454,het_gp_qb_ctx_novegas,2025,15.0
lag_yards_per_pass_attempt_z,0.0008111466016661206,0.03703381144468893,het_gp_qb_ctx_novegas,2025,15.0
lag_avg_depth_of_target_z,-0.0076524841145502245,0.02163532939948781,het_gp_qb_ctx_novegas,2025,15.0
lag_rush_share_z,-0.018777787926169628,0.02711503661753042,het_gp_qb_ctx_novegas,2025,15.0
temp_z,-0.014709546251918573,0.02308170955136884,het_gp_qb_ctx_novegas,2025,15.0
wind_z,-0.08142335295118028,0.028235736682877936,het_gp_qb_ctx_novegas,2025,15.0
games_missed_ytd_z,-0.08643120917688103,0.03422844735427961,het_gp_qb_ctx_novegas,2025,15.0
lag_offense_pct_z,0.2822268896488801,0.04199054756977722,het_gp_qb_ctx_novegas,2025,15.0
ctx:exp_pts_for[QB],0.03987115608476619,0.03964134343220585,het_gp_qb_ctx_novegas,2025,15.0
ctx:exp_margin[QB],-0.03098792918782065,0.033835487503075905,het_gp_qb_ctx_novegas,2025,15.0
spread_line_z,0.000259825136466441,0.00854919043712608,het_gp,2019,6.0
roll_avg_points_allowed_z,-0.008424663088654449,0.00839697305692382,het_gp,2019,6.0
lag_yards_per_rush_attempt_z,0.0005503464137707945,0.010346662658125255,het_gp,2019,6.0
lag_yards_per_target_z,-0.002061144454660072,0.00867514704336347,het_gp,2019,6.0
lag_avg_depth_of_target_z,-0.009455460826232316,0.011832244613745815,het_gp,2019,6.0
lag_target_share_z,0.030727952391347717,0.013867053839837957,het_gp,2019,6.0
lag_rush_share_z,0.17729270877622172,0.016832617613813525,het_gp,2019,6.0
temp_z,-0.015979611517792047,0.009495439085888315,het_gp,2019,6.0
wind_z,-0.03156455436016535,0.011460798375347756,het_gp,2019,6.0
games_missed_ytd_z,-0.07104104431787676,0.011966377346638262,het_gp,2019,6.0
lag_offense_pct_z,0.17242730327483868,0.014758705615641576,het_gp,2019,6.0
lag_st_pct_z,-0.05959088351848453,0.012035147560324472,het_gp,2019,6.0
roll_avg_points_allowed_z,-0.002507658223435086,0.008769450084808988,het_gp_vegas,2019,6.0
lag_yards_per_rush_attempt_z,-0.0003498878194886487,0.010062224848705458,het_gp_vegas,2019,6.0
lag_yards_per_target_z,-0.002420635495640725,0.008790857076069138,het_gp_vegas,2019,6.0
lag_avg_depth_of_target_z,-0.010186800736474504,0.010566749462824902,het_gp_vegas,2019,6.0
lag_target_share_z,0.03362647155464742,0.014699554921513492,het_gp_vegas,2019,6.0
lag_rush_share_z,0.17618810266236484,0.018129577942788105,het_gp_vegas,2019,6.0
temp_z,-0.019987537020895906,0.009089001063432403,het_gp_vegas,2019,6.0
wind_z,-0.02876381862292536,0.010943070471370497,het_gp_vegas,2019,6.0
games_missed_ytd_z,-0.07117458900343301,0.011790059824756026,het_gp_vegas,2019,6.0
lag_offense_pct_z,0.17284790534108183,0.015711220490567557,het_gp_vegas,2019,6.0
lag_st_pct_z,-0.05927925815255687,0.011552218573470613,het_gp_vegas,2019,6.0
team_spread_z,-0.030632124076065435,0.024121379335874205,het_gp_vegas,2019,6.0
vegas_team_total_z,0.09155494985946822,0.018929920825397607,het_gp_vegas,2019,6.0
roll_avg_points_allowed_z,-0.0038863740331619486,0.008310419687534952,het_gp_ctx,2019,6.0
lag_yards_per_rush_attempt_z,-0.00032569198316073866,0.009777033146233594,het_gp_ctx,2019,6.0
lag_yards_per_target_z,-0.0030508784725850804,0.008732697524667701,het_gp_ctx,2019,6.0
lag_avg_depth_of_target_z,-0.009368542553185541,0.010879151285832982,het_gp_ctx,2019,6.0
lag_target_share_z,0.03391007396100033,0.013864820568775133,het_gp_ctx,2019,6.0
lag_rush_share_z,0.17736314118281724,0.01799674683638123,het_gp_ctx,2019,6.0
temp_z,-0.021278569813284343,0.009709139301286817,het_gp_ctx,2019,6.0
wind_z,-0.027394441844056656,0.01087227144140618,het_gp_ctx,2019,6.0
games_missed_ytd_z,-0.06975565948713558,0.011297877456868095,het_gp_ctx,2019,6.0
lag_offense_pct_z,0.17114696770496768,0.014935925955900821,het_gp_ctx,2019,6.0
lag_st_pct_z,-0.059184129661462505,0.012167815422834325,het_gp_ctx,2019,6.0
team_spread_z,-0.041780610497646406,0.02890211030470449,het_gp_ctx,2019,6.0
vegas_team_total_z,0.10815436491633786,0.02702734365858798,het_gp_ctx,2019,6.0
ctx:exp_pts_for[RB],-0.027992156059980188,0.03257561544910791,het_gp_ctx,2019,6.0
ctx:exp_margin[RB],0.047588690003836975,0.03355279468565952,het_gp_ctx,2019,6.0
ctx:exp_pts_for[TE],-0.054317828101977716,0.03231476680748693,het_gp_ctx,2019,6.0
ctx:exp_margin[TE],0.02862303282034905,0.03166888961276076,het_gp_ctx,2019,6.0
ctx:exp_pts_for[WR],-0.03228823166628123,0.030787310369732677,het_gp_ctx,2019,6.0
ctx:exp_margin[WR],0.028875898324205108,0.03157455460259322,het_gp_ctx,2019,6.0
roll_avg_points_allowed_z,-0.0075276868796425875,0.00847797126100378,het_gp_ctx_novegas,2019,6.0
lag_yards_per_rush_attempt_z,0.0003011235002993249,0.009819433538725034,het_gp_ctx_novegas,2019,6.0
lag_yards_per_target_z,-0.0012504516327979495,0.0092581270919428,het_gp_ctx_novegas,2019,6.0
lag_avg_depth_of_target_z,-0.009859868435569345,0.01091525600833786,het_gp_ctx_novegas,2019,6.0
lag_target_share_z,0.033282342004191764,0.014308007930357483,het_gp_ctx_novegas,2019,6.0
lag_rush_share_z,0.17608262464806831,0.018216536094053003,het_gp_ctx_novegas,2019,6.0
temp_z,-0.015149061772487338,0.009341715195526254,het_gp_ctx_novegas,2019,6.0
wind_z,-0.031541071086289785,0.01108303466226927,het_gp_ctx_novegas,2019,6.0
games_missed_ytd_z,-0.07212273937583935,0.011820057038694397,het_gp_ctx_novegas,2019,6.0
lag_offense_pct_z,0.17282008924446593,0.014864943878512253,het_gp_ctx_novegas,2019,6.0
lag_st_pct_z,-0.060367676790305504,0.010938952573003709,het_gp_ctx_novegas,2019,6.0
ctx:exp_pts_for[RB],0.05271849673404179,0.02531282735258595,het_gp_ctx_novegas,2019,6.0
ctx:exp_margin[RB],0.02271498787406642,0.024027384458984582,het_gp_ctx_novegas,2019,6.0
ctx:exp_pts_for[TE],0.02576801528791858,0.025344326233464484,het_gp_ctx_novegas,2019,6.0
ctx:exp_margin[TE],0.002838477640079468,0.02156032065191115,het_gp_ctx_novegas,2019,6.0
ctx:exp_pts_for[WR],0.04930434930120689,0.021804539226470437,het_gp_ctx_novegas,2019,6.0
ctx:exp_margin[WR],0.0027851897784764157,0.020259933357978103,het_gp_ctx_novegas,2019,6.0
spread_line_z,-0.0003527377524899622,0.00803681362937572,het_gp,2019,9.0
roll_avg_points_allowed_z,-0.005416449465176468,0.007980545382747692,het_gp,2019,9.0
lag_yards_per_rush_attempt_z,0.0015468269596092218,0.009324355514611048,het_gp,2019,9.0
lag_yards_per_target_z,-0.002050859197348741,0.008256127650379133,het_gp,2019,9.0
lag_avg_depth_of_target_z,-0.007330912991476929,0.010908611394687504,het_gp,2019,9.0
lag_target_share_z,0.029640223442915142,0.013219004439053694,het_gp,2019,9.0
lag_rush_share_z,0.1760060316607804,0.016617551474212098,het_gp,2019,9.0
temp_z,-0.01582990083771327,0.00905184106216621,het_gp,2019,9.0
wind_z,-0.02996690129506578,0.010092088815343294,het_gp,2019,9.0
games_missed_ytd_z,-0.07274579703553978,0.011570870093322482,het_gp,2019,9.0
lag_offense_pct_z,0.16809857715739304,0.014097794112636817,het_gp,2019,9.0
lag_st_pct_z,-0.06211600850741968,0.01146157071831862,het_gp,2019,9.0
roll_avg_points_allowed_z,-0.000015842493960391384,0.008710475053360272,het_gp_vegas,2019,9.0
lag_yards_per_rush_attempt_z,0.0003710730132377208,0.008998882454513071,het_gp_vegas,2019,9.0
lag_yards_per_target_z,-0.0028389029704956607,0.009074107626864293,het_gp_vegas,2019,9.0
lag_avg_depth_of_target_z,-0.007891808508489528,0.010483496743710982,het_gp_vegas,2019,9.0
lag_target_share_z,0.03205059542347301,0.013086775983530108,het_gp_vegas,2019,9.0
lag_rush_share_z,0.17621350937177657,0.016920767073109633,het_gp_vegas,2019,9.0
temp_z,-0.019186977667810145,0.009243890666982684,het_gp_vegas,2019,9.0
wind_z,-0.025605324740100303,0.010455136455929633,het_gp_vegas,2019,9.0
games_missed_ytd_z,-0.071930064366207,0.011079368801139553,het_gp_vegas,2019,9.0
lag_offense_pct_z,0.168937707353766,0.014390144112429157,het_gp_vegas,2019,9.0
lag_st_pct_z,-0.06219193324773462,0.012100421062435187,het_gp_vegas,2019,9.0
team_spread_z,-0.030938881147247077,0.022327056210718104,het_gp_vegas,2019,9.0
vegas_team_total_z,0.09028273249497427,0.018510284253906197,het_gp_vegas,2019,9.0
roll_avg_points_allowed_z,-0.0006363026728376937,0.008750009748411764,het_gp_ctx,2019,9.0
lag_yards_per_rush_attempt_z,-0.0005601991083974406,0.009866963390201816,het_gp_ctx,2019,9.0
lag_yards_per_target_z,-0.0031534282718915963,0.00816223882769361,het_gp_ctx,2019,9.0
lag_avg_depth_of_target_z,-0.0070960650873929595,0.010089822031650158,het_gp_ctx,2019,9.0
lag_target_share_z,0.032652427451552606,0.013057396527261478,het_gp_ctx,2019,9.0
lag_rush_share_z,0.1761652477044151,0.01661020920232108,het_gp_ctx,2019,9.0
temp_z,-0.020521625190361537,0.008847659613037063,het_gp_ctx,2019,9.0
wind_z,-0.023387575832007127,0.010482734996670242,het_gp_ctx,2019,9.0
games_missed_ytd_z,-0.07094204022981884,0.011418305597434713,het_gp_ctx,2019,9.0
lag_offense_pct_z,0.16810194488717645,0.01354811342420054,het_gp_ctx,2019,9.0
lag_st_pct_z,-0.06236435686584323,0.012008978721722054,het_gp_ctx,2019,9.0
team_spread_z,-0.04094851861677703,0.02828079872693107,het_gp_ctx,2019,9.0
vegas_team_total_z,0.10502599016877372,0.026915839142674418,het_gp_ctx,2019,9.0
ctx:exp_pts_for[RB],-0.027200974685116047,0.031088730719886975,het_gp_ctx,2019,9.0
ctx:exp_margin[RB],0.048455404236666,0.033311009660838484,het_gp_ctx,2019,9.0
ctx:exp_pts_for[TE],-0.05661509445603446,0.03356869366218919,het_gp_ctx,2019,9.0
ctx:exp_margin[TE],0.02394788659300527,0.03289791355819337,het_gp_ctx,2019,9.0
ctx:exp_pts_for[WR],-0.02720580922721941,0.030016011635675018,het_gp_ctx,2019,9.0
ctx:exp_margin[WR],0.030296625953784923,0.03137223226013944,het_gp_ctx,2019,9.0
roll_avg_points_allowed_z,-0.00438874026131326,0.00796401975810226,het_gp_ctx_novegas,2019,9.0
lag_yards_per_rush_attempt_z,0.000546959366547157,0.009746052911530478,het_gp_ctx_novegas,2019,9.0
lag_yards_per_target_z,-0.0019080039818553777,0.008391603267703529,het_gp_ctx_novegas,2019,9.0
lag_avg_depth_of_target_z,-0.007481877075433567,0.011075666075288147,het_gp_ctx_novegas,2019,9.0
lag_target_share_z,0.030520011919314485,0.013590276413813227,het_gp_ctx_novegas,2019,9.0
lag_rush_share_z,0.1776082607274118,0.017651945584792977,het_gp_ctx_novegas,2019,9.0
temp_z,-0.014924329351338408,0.009064495115167248,het_gp_ctx_novegas,2019,9.0
wind_z,-0.028610553787684463,0.01023220413524343,het_gp_ctx_novegas,2019,9.0
games_missed_ytd_z,-0.07377633845073468,0.01089505311895432,het_gp_ctx_novegas,2019,9.0
lag_offense_pct_z,0.16890837944351803,0.015085291170128858,het_gp_ctx_novegas,2019,9.0
lag_st_pct_z,-0.06292785322713701,0.011580244943904961,het_gp_ctx_novegas,2019,9.0
ctx:exp_pts_for[RB],0.052248896081898,0.023488075189626104,het_gp_ctx_novegas,2019,9.0
ctx:exp_margin[RB],0.022312533233398716,0.022693542563951206,het_gp_ctx_novegas,2019,9.0
ctx:exp_pts_for[TE],0.020132192866090345,0.026014319992824487,het_gp_ctx_novegas,2019,9.0
ctx:exp_margin[TE],0.00046162900032784254,0.022906055693306705,het_gp_ctx_novegas,2019,9.0
ctx:exp_pts_for[WR],0.050475030469125944,0.02063077666876628,het_gp_ctx_novegas,2019,9.0
ctx:exp_margin[WR],0.006950866545041767,0.019800077776143562,het_gp_ctx_novegas,2019,9.0
spread_line_z,-0.0016979920889526718,0.007663175747066498,het_gp,2019,12.0
roll_avg_points_allowed_z,-0.007076504182901219,0.007831565293062871,het_gp,2019,12.0
lag_yards_per_rush_attempt_z,0.0020672267183811407,0.009380231339577228,het_gp,2019,12.0
lag_yards_per_target_z,-0.0030254442912442375,0.008894233550552284,het_gp,2019,12.0
lag_avg_depth_of_target_z,-0.01078575355020576,0.009923834071954199,het_gp,2019,12.0
lag_target_share_z,0.027732106663898786,0.012480166587938149,het_gp,2019,12.0
lag_rush_share_z,0.1681934539428566,0.016762773490999663,het_gp,2019,12.0
temp_z,-0.01576913011423621,0.008483534871147808,het_gp,2019,12.0
wind_z,-0.0327960913998149,0.010148336613499983,het_gp,2019,12.0
games_missed_ytd_z,-0.07635754421990937,0.010771575247451506,het_gp,2019,12.0
lag_offense_pct_z,0.1756288831490913,0.013670278644711186,het_gp,2019,12.0
lag_st_pct_z,-0.057108448787748005,0.011321868172320261,het_gp,2019,12.0
roll_avg_points_allowed_z,-0.0014809447719791888,0.008242109901904396,het_gp_vegas,2019,12.0
lag_yards_per_rush_attempt_z,0.0005138664657032316,0.009525492720135757,het_gp_vegas,2019,12.0
lag_yards_per_target_z,-0.00398492776717769,0.007961013790671153,het_gp_vegas,2019,12.0
lag_avg_depth_of_target_z,-0.01111192579401987,0.009780812363003826,het_gp_vegas,2019,12.0
lag_target_share_z,0.030186373081064973,0.012488317087541521,het_gp_vegas,2019,12.0
lag_rush_share_z,0.16952630442037853,0.016634895901353752,het_gp_vegas,2019,12.0
temp_z,-0.019928783712645465,0.009148335472598837,het_gp_vegas,2019,12.0
wind_z,-0.027592889719058825,0.009896346342535446,het_gp_vegas,2019,12.0
games_missed_ytd_z,-0.07586700264735846,0.01118659456329099,het_gp_vegas,2019,12.0
lag_offense_pct_z,0.1745138674487065,0.01360870389646418,het_gp_vegas,2019,12.0
lag_st_pct_z,-0.05599363198449958,0.011542167248900332,het_gp_vegas,2019,12.0
team_spread_z,-0.03134877199766925,0.02207483056556881,het_gp_vegas,2019,12.0
vegas_team_total_z,0.08824144571545338,0.017689806081741272,het_gp_vegas,2019,12.0
roll_avg_points_allowed_z,-0.0022855966763055775,0.008258262504420829,het_gp_ctx,2019,12.0
lag_yards_per_rush_attempt_z,0.0006411514529675559,0.009735489108842478,het_gp_ctx,2019,12.0
lag_yards_per_target_z,-0.004817262874602802,0.00837493432212056,het_gp_ctx,2019,12.0
lag_avg_depth_of_target_z,-0.011360805825687326,0.010709116939108882,het_gp_ctx,2019,12.0
lag_target_share_z,0.030569424917856948,0.012860488710372514,het_gp_ctx,2019,12.0
lag_rush_share_z,0.16947885327439582,0.016925479041909715,het_gp_ctx,2019,12.0
temp_z,-0.020508707410350605,0.00909451759024715,het_gp_ctx,2019,12.0
wind_z,-0.025519997787429364,0.009935545780806188,het_gp_ctx,2019,12.0
games_missed_ytd_z,-0.07489687828464099,0.01113062778779922,het_gp_ctx,2019,12.0
lag_offense_pct_z,0.17613403565750002,0.013517825728825402,het_gp_ctx,2019,12.0
lag_st_pct_z,-0.05548646482323539,0.011326320867292865,het_gp_ctx,2019,12.0
team_spread_z,-0.03815975999889799,0.026444649022230017,het_gp_ctx,2019,12.0
vegas_team_total_z,0.10085299708582705,0.02444953908255495,het_gp_ctx,2019,12.0
ctx:exp_pts_for[RB],-0.02572634967949227,0.027646837860514594,het_gp_ctx,2019,12.0
ctx:exp_margin[RB],0.04227558067702991,0.0309399774482616,het_gp_ctx,2019,12.0
ctx:exp_pts_for[TE],-0.05281497062630167,0.029768945191138426,het_gp_ctx,2019,12.0
ctx:exp_margin[TE],0.028101476420327096,0.02959763099068184,het_gp_ctx,2019,12.0
ctx:exp_pts_for[WR],-0.027612568510833345,0.026983491893006143,het_gp_ctx,2019,12.0
ctx:exp_margin[WR],0.03350259393139287,0.028050488151753393,het_gp_ctx,2019,12.0
roll_avg_points_allowed_z,-0.0062175555204915505,0.008107281320211527,het_gp_ctx_novegas,2019,12.0
lag_yards_per_rush_attempt_z,0.00131006817020364,0.009995717084088977,het_gp_ctx_novegas,2019,12.0
lag_yards_per_target_z,-0.0030601543312132207,0.008336455666702332,het_gp_ctx_novegas,2019,12.0
lag_avg_depth_of_target_z,-0.011517347985634958,0.010410448191458446,het_gp_ctx_novegas,2019,12.0
lag_target_share_z,0.029462971212521716,0.012363022812028194,het_gp_ctx_novegas,2019,12.0
lag_rush_share_z,0.16960604601454682,0.015666593324427207,het_gp_ctx_novegas,2019,12.0
temp_z,-0.01458821830298824,0.0089250336876936,het_gp_ctx_novegas,2019,12.0
wind_z,-0.02998681815164022,0.010054377971065597,het_gp_ctx_novegas,2019,12.0
games_missed_ytd_z,-0.07710447465040184,0.011012721856323297,het_gp_ctx_novegas,2019,12.0
lag_offense_pct_z,0.17625899597770978,0.013540175294074905,het_gp_ctx_novegas,2019,12.0
lag_st_pct_z,-0.0576682974211907,0.01117146631306299,het_gp_ctx_novegas,2019,12.0
ctx:exp_pts_for[RB],0.05150661775640455,0.022330383429282653,het_gp_ctx_novegas,2019,12.0
ctx:exp_margin[RB],0.020202692571646537,0.020296540596531343,het_gp_ctx_novegas,2019,12.0
ctx:exp_pts_for[TE],0.0230860134899288,0.024194301530842763,het_gp_ctx_novegas,2019,12.0
ctx:exp_margin[TE],0.005514896777473292,0.020815186306029933,het_gp_ctx_novegas,2019,12.0
ctx:exp_pts_for[WR],0.05019236079823523,0.020157004196953987,het_gp_ctx_novegas,2019,12.0
ctx:exp_margin[WR],0.010432730230013369,0.01811814904326879,het_gp_ctx_novegas,2019,12.0
spread_line_z,-0.0020671665606474903,0.007196739155313702,het_gp,2019,15.0
roll_avg_points_allowed_z,-0.007683533051998701,0.007825944650181242,het_gp,2019,15.0
lag_yards_per_rush_attempt_z,0.0038102315294292425,0.008566221853114233,het_gp,2019,15.0
lag_yards_per_target_z,-0.002282406114831622,0.008081742597491665,het_gp,2019,15.0
lag_avg_depth_of_target_z,-0.010123359762232997,0.009349535811707435,het_gp,2019,15.0
lag_target_share_z,0.02834192812860599,0.012385091397920371,het_gp,2019,15.0
lag_rush_share_z,0.1638965030477773,0.016068168247594095,het_gp,2019,15.0
temp_z,-0.012022732962664104,0.008270456807794126,het_gp,2019,15.0
wind_z,-0.03904520868700237,0.009699004997321289,het_gp,2019,15.0
games_missed_ytd_z,-0.07964936246860534,0.010452882228686209,het_gp,2019,15.0
lag_offense_pct_z,0.17777848661767692,0.0128791367771678,het_gp,2019,15.0
lag_st_pct_z,-0.05255442861268502,0.010605930192965105,het_gp,2019,15.0
roll_avg_points_allowed_z,-0.0031336016720245174,0.0076475274677952655,het_gp_vegas,2019,15.0
lag_yards_per_rush_attempt_z,0.002229075112735716,0.008853586767768498,het_gp_vegas,2019,15.0
lag_yards_per_target_z,-0.0031218711300621304,0.008054638984335,het_gp_vegas,2019,15.0
lag_avg_depth_of_target_z,-0.010585915499180112,0.009844255738318252,het_gp_vegas,2019,15.0
lag_target_share_z,0.029559179936792242,0.012465095895458618,het_gp_vegas,2019,15.0
lag_rush_share_z,0.1636549107448985,0.0165712860370782,het_gp_vegas,2019,15.0
temp_z,-0.016369750059779403,0.008170982330774927,het_gp_vegas,2019,15.0
wind_z,-0.03332014959846471,0.01026830430645448,het_gp_vegas,2019,15.0
games_missed_ytd_z,-0.07841049024251419,0.01048784211898728,het_gp_vegas,2019,15.0
lag_offense_pct_z,0.1788494393940098,0.013852616812463369,het_gp_vegas,2019,15.0
lag_st_pct_z,-0.05254002403220112,0.011158316787610884,het_gp_vegas,2019,15.0
team_spread_z,-0.03327894842823807,0.02061884946016091,het_gp_vegas,2019,15.0
vegas_team_total_z,0.08469053106710368,0.01654675879310953,het_gp_vegas,2019,15.0
roll_avg_points_allowed_z,-0.003957888400548063,0.007668978016500264,het_gp_ctx,2019,15.0
lag_yards_per_rush_attempt_z,0.0023258460637024725,0.008792566845742842,het_gp_ctx,2019,15.0
lag_yards_per_target_z,-0.003548335193077399,0.007844525864138838,het_gp_ctx,2019,15.0
lag_avg_depth_of_target_z,-0.010731857633188967,0.010202044522455694,het_gp_ctx,2019,15.0
lag_target_share_z,0.031159761487958296,0.012702448382491585,het_gp_ctx,2019,15.0
lag_rush_share_z,0.16587207198019221,0.01595551945107764,het_gp_ctx,2019,15.0
temp_z,-0.016579518862282625,0.008218968483441334,het_gp_ctx,2019,15.0
wind_z,-0.03118234926783669,0.010228951160665536,het_gp_ctx,2019,15.0
games_missed_ytd_z,-0.07726066611209323,0.010542660489506557,het_gp_ctx,2019,15.0
lag_offense_pct_z,0.17874313685189894,0.013102021415438996,het_gp_ctx,2019,15.0
lag_st_pct_z,-0.05236568824649722,0.010606305729671682,het_gp_ctx,2019,15.0
team_spread_z,-0.047588064544889085,0.025123480716569845,het_gp_ctx,2019,15.0
vegas_team_total_z,0.1051126143072484,0.024083962571705697,het_gp_ctx,2019,15.0
ctx:exp_pts_for[RB],-0.03500956193891304,0.027883291773705184,het_gp_ctx,2019,15.0
ctx:exp_margin[RB],0.05486446270749176,0.028194919616031752,het_gp_ctx,2019,15.0
ctx:exp_pts_for[TE],-0.06013065080920863,0.027455961458770217,het_gp_ctx,2019,15.0
ctx:exp_margin[TE],0.03678057060379809,0.027960060680266526,het_gp_ctx,2019,15.0
ctx:exp_pts_for[WR],-0.032460342076094974,0.02649684028865732,het_gp_ctx,2019,15.0
ctx:exp_margin[WR],0.04385113981606807,0.02687149136806301,het_gp_ctx,2019,15.0
roll_avg_points_allowed_z,-0.007261064542586584,0.007691102845192612,het_gp_ctx_novegas,2019,15.0
lag_yards_per_rush_attempt_z,0.0028483407340478303,0.00898105665508514,het_gp_ctx_novegas,2019,15.0
lag_yards_per_target_z,-0.0023079665441529526,0.007814812009455118,het_gp_ctx_novegas,2019,15.0
lag_avg_depth_of_target_z,-0.010439429254623756,0.009532348443439647,het_gp_ctx_novegas,2019,15.0
lag_target_share_z,0.02984735176982895,0.01201307585296221,het_gp_ctx_novegas,2019,15.0
lag_rush_share_z,0.16413627260923264,0.015536577092204998,het_gp_ctx_novegas,2019,15.0
temp_z,-0.01104291694400604,0.008481880575892472,het_gp_ctx_novegas,2019,15.0
wind_z,-0.03669220423805436,0.009788015556580347,het_gp_ctx_novegas,2019,15.0
games_missed_ytd_z,-0.07854168672939753,0.010366637857024028,het_gp_ctx_novegas,2019,15.0
lag_offense_pct_z,0.17876262861599906,0.013512458327742003,het_gp_ctx_novegas,2019,15.0
lag_st_pct_z,-0.05281328574127747,0.01059620678023342,het_gp_ctx_novegas,2019,15.0
ctx:exp_pts_for[RB],0.04385838438139519,0.02168924018435233,het_gp_ctx_novegas,2019,15.0
ctx:exp_margin[RB],0.02595234846787435,0.0202151977203913,het_gp_ctx_novegas,2019,15.0
ctx:exp_pts_for[TE],0.01730393088386187,0.023319601446485868,het_gp_ctx_novegas,2019,15.0
ctx:exp_margin[TE],0.00773356969273637,0.019709158258824525,het_gp_ctx_novegas,2019,15.0
ctx:exp_pts_for[WR],0.04571686434932651,0.019502414060838278,het_gp_ctx_novegas,2019,15.0
ctx:exp_margin[WR],0.014899427508524072,0.017142353374574378,het_gp_ctx_novegas,2019,15.0
spread_line_z,-0.0024632828917913866,0.00783178385167734,het_gp,2023,6.0
roll_avg_points_allowed_z,-0.008015062976826354,0.008033356828964078,het_gp,2023,6.0
lag_yards_per_rush_attempt_z,-0.0037203148994652806,0.010234930227805316,het_gp,2023,6.0
lag_yards_per_target_z,0.010684538397143725,0.009019088536256607,het_gp,2023,6.0
lag_avg_depth_of_target_z,-0.008250776460944898,0.010657994762529063,het_gp,2023,6.0
lag_target_share_z,0.028992903691317715,0.01320379863398861,het_gp,2023,6.0
lag_rush_share_z,0.13828792872337609,0.01800323160856695,het_gp,2023,6.0
temp_z,-0.005888648786073718,0.00900614741270103,het_gp,2023,6.0
wind_z,-0.025966410343422234,0.010932346462484211,het_gp,2023,6.0
games_missed_ytd_z,-0.07044220563468437,0.010524149606300152,het_gp,2023,6.0
lag_offense_pct_z,0.15213039332894013,0.014124146837799586,het_gp,2023,6.0
lag_st_pct_z,-0.08318498675717828,0.011793754547247376,het_gp,2023,6.0
roll_avg_points_allowed_z,-0.005691073899760865,0.008309667614483913,het_gp_vegas,2023,6.0
lag_yards_per_rush_attempt_z,-0.003081453054374941,0.009541913679967257,het_gp_vegas,2023,6.0
lag_yards_per_target_z,0.01007756418419003,0.007984385616954144,het_gp_vegas,2023,6.0
lag_avg_depth_of_target_z,-0.008837445556611073,0.010431687382233023,het_gp_vegas,2023,6.0
lag_target_share_z,0.030770539284160375,0.013165347171183889,het_gp_vegas,2023,6.0
lag_rush_share_z,0.1377777168031757,0.016653865106791003,het_gp_vegas,2023,6.0
temp_z,-0.012254528867923883,0.00949989961892341,het_gp_vegas,2023,6.0
wind_z,-0.02386452494708562,0.011571973932780047,het_gp_vegas,2023,6.0
games_missed_ytd_z,-0.06642077688641336,0.011381601810858311,het_gp_vegas,2023,6.0
lag_offense_pct_z,0.15358074645353023,0.013645592154221628,het_gp_vegas,2023,6.0
lag_st_pct_z,-0.08425383934860943,0.011795566360612108,het_gp_vegas,2023,6.0
team_spread_z,-0.026819694408928785,0.02294732977921361,het_gp_vegas,2023,6.0
vegas_team_total_z,0.05882766877427218,0.01963144093245822,het_gp_vegas,2023,6.0
roll_avg_points_allowed_z,-0.0072935194004662305,0.007952487769358144,het_gp_ctx,2023,6.0
lag_yards_per_rush_attempt_z,-0.0037610604780463756,0.009423766294645782,het_gp_ctx,2023,6.0
lag_yards_per_target_z,0.009945896001737257,0.009171700027832899,het_gp_ctx,2023,6.0
lag_avg_depth_of_target_z,-0.008802645552012739,0.01099394044812042,het_gp_ctx,2023,6.0
lag_target_share_z,0.030053574103628126,0.012821528460642367,het_gp_ctx,2023,6.0
lag_rush_share_z,0.13754794454257327,0.01730834438289103,het_gp_ctx,2023,6.0
temp_z,-0.01282061519023092,0.009313153671815146,het_gp_ctx,2023,6.0
wind_z,-0.023565142880005514,0.011245142476132761,het_gp_ctx,2023,6.0
games_missed_ytd_z,-0.06721625426434735,0.01062230755545437,het_gp_ctx,2023,6.0
lag_offense_pct_z,0.1546639078482159,0.013293180275303419,het_gp_ctx,2023,6.0
lag_st_pct_z,-0.08499667031024562,0.011614115369489156,het_gp_ctx,2023,6.0
team_spread_z,-0.03640827123589779,0.024852121959778883,het_gp_ctx,2023,6.0
vegas_team_total_z,0.07070386488647319,0.024525989782633238,het_gp_ctx,2023,6.0
ctx:exp_pts_for[RB],-0.031029707077598157,0.02846700983850823,het_gp_ctx,2023,6.0
ctx:exp_margin[RB],0.05836968580784327,0.030690919025530474,het_gp_ctx,2023,6.0
ctx:exp_pts_for[TE],-0.028052576604877536,0.026146243551467222,het_gp_ctx,2023,6.0
ctx:exp_margin[TE],0.04101626306250044,0.02741640750305025,het_gp_ctx,2023,6.0
ctx:exp_pts_for[WR],-0.025811136634551243,0.026080900914983152,het_gp_ctx,2023,6.0
ctx:exp_margin[WR],0.017352113458739684,0.028898663858460752,het_gp_ctx,2023,6.0
roll_avg_points_allowed_z,-0.008093608627386574,0.008047491065046293,het_gp_ctx_novegas,2023,6.0
lag_yards_per_rush_attempt_z,-0.0034837671382460093,0.00968687208824288,het_gp_ctx_novegas,2023,6.0
lag_yards_per_target_z,0.010239822010529946,0.008869507240131792,het_gp_ctx_novegas,2023,6.0
lag_avg_depth_of_target_z,-0.008447901317276104,0.011179765898304371,het_gp_ctx_novegas,2023,6.0
lag_target_share_z,0.029836204785482934,0.013561449733408738,het_gp_ctx_novegas,2023,6.0
lag_rush_share_z,0.1386034576080401,0.017287388663504242,het_gp_ctx_novegas,2023,6.0
temp_z,-0.006215264077420754,0.009220636032913137,het_gp_ctx_novegas,2023,6.0
wind_z,-0.026458705056315885,0.010662980133315191,het_gp_ctx_novegas,2023,6.0
games_missed_ytd_z,-0.06934770863961968,0.010736857143831114,het_gp_ctx_novegas,2023,6.0
lag_offense_pct_z,0.15238679844258626,0.013762959997492524,het_gp_ctx_novegas,2023,6.0
lag_st_pct_z,-0.08414050053302118,0.011867630811506246,het_gp_ctx_novegas,2023,6.0
ctx:exp_pts_for[RB],0.015043333194443575,0.025338486911483864,het_gp_ctx_novegas,2023,6.0
ctx:exp_margin[RB],0.03893237510227597,0.026023431401907385,het_gp_ctx_novegas,2023,6.0
ctx:exp_pts_for[TE],0.01767524541619399,0.023744657096662927,het_gp_ctx_novegas,2023,6.0
ctx:exp_margin[TE],0.021472749006454312,0.021882514215529034,het_gp_ctx_novegas,2023,6.0
ctx:exp_pts_for[WR],0.021214476680681296,0.02215624084309108,het_gp_ctx_novegas,2023,6.0
ctx:exp_margin[WR],-0.0035047246451278247,0.02152608187617726,het_gp_ctx_novegas,2023,6.0
spread_line_z,-0.001067660210740819,0.007727033825990149,het_gp,2023,9.0
roll_avg_points_allowed_z,-0.007922959575884793,0.007875484876671527,het_gp,2023,9.0
lag_yards_per_rush_attempt_z,-0.0024760685526808,0.009463194459657194,het_gp,2023,9.0
lag_yards_per_target_z,0.012679465360614591,0.008398141830922683,het_gp,2023,9.0
lag_avg_depth_of_target_z,-0.008552943080043122,0.009842717604274598,het_gp,2023,9.0
lag_target_share_z,0.03224341288950446,0.012675664467799745,het_gp,2023,9.0
lag_rush_share_z,0.13727448947250803,0.016763011369904768,het_gp,2023,9.0
temp_z,-0.003352691485533275,0.00906045657401403,het_gp,2023,9.0
wind_z,-0.02706611976854246,0.010994075658908904,het_gp,2023,9.0
games_missed_ytd_z,-0.06983887853913084,0.011144402120940084,het_gp,2023,9.0
lag_offense_pct_z,0.1510801133405779,0.014040748513020413,het_gp,2023,9.0
lag_st_pct_z,-0.08021508567902891,0.011449326254985475,het_gp,2023,9.0
roll_avg_points_allowed_z,-0.005407904639613308,0.007990113662842012,het_gp_vegas,2023,9.0
lag_yards_per_rush_attempt_z,-0.002516468629650377,0.00988801073594178,het_gp_vegas,2023,9.0
lag_yards_per_target_z,0.01265405213080959,0.008347948311699096,het_gp_vegas,2023,9.0
lag_avg_depth_of_target_z,-0.009536995522058785,0.009847290985012549,het_gp_vegas,2023,9.0
lag_target_share_z,0.03315869300223334,0.012966568924817647,het_gp_vegas,2023,9.0
lag_rush_share_z,0.13907253778189527,0.017077347403133256,het_gp_vegas,2023,9.0
temp_z,-0.008931576724923203,0.008860288966108118,het_gp_vegas,2023,9.0
wind_z,-0.02554179464858706,0.010958188009496524,het_gp_vegas,2023,9.0
games_missed_ytd_z,-0.06564863250912428,0.010631017055926326,het_gp_vegas,2023,9.0
lag_offense_pct_z,0.15217644087383048,0.012970609069739429,het_gp_vegas,2023,9.0
lag_st_pct_z,-0.08098765572953373,0.011798488663393374,het_gp_vegas,2023,9.0
team_spread_z,-0.02489794337262793,0.02209668776889039,het_gp_vegas,2023,9.0
vegas_team_total_z,0.05590052143415454,0.018082451519812092,het_gp_vegas,2023,9.0
roll_avg_points_allowed_z,-0.006276182065785746,0.007968871784589894,het_gp_ctx,2023,9.0
lag_yards_per_rush_attempt_z,-0.0026705513858924007,0.009434554726556726,het_gp_ctx,2023,9.0
lag_yards_per_target_z,0.011967694211576325,0.008760293158671559,het_gp_ctx,2023,9.0
lag_avg_depth_of_target_z,-0.009307353794673793,0.010710835188568593,het_gp_ctx,2023,9.0
lag_target_share_z,0.034337529335526834,0.012670812611597769,het_gp_ctx,2023,9.0
lag_rush_share_z,0.13950442132053376,0.01714960498325535,het_gp_ctx,2023,9.0
temp_z,-0.009542912936238584,0.008758099493460313,het_gp_ctx,2023,9.0
wind_z,-0.024538224760983468,0.011172124696192998,het_gp_ctx,2023,9.0
games_missed_ytd_z,-0.06593124863589508,0.010706197943021184,het_gp_ctx,2023,9.0
lag_offense_pct_z,0.15166986886574538,0.012966718006851336,het_gp_ctx,2023,9.0
lag_st_pct_z,-0.08104816380514906,0.011595392793174482,het_gp_ctx,2023,9.0
team_spread_z,-0.03305499847881054,0.024760099652469655,het_gp_ctx,2023,9.0
vegas_team_total_z,0.066879975369137,0.023286454310484775,het_gp_ctx,2023,9.0
ctx:exp_pts_for[RB],-0.02673764998488186,0.027120210105433185,het_gp_ctx,2023,9.0
ctx:exp_margin[RB],0.052597301914678034,0.030395730008723445,het_gp_ctx,2023,9.0
ctx:exp_pts_for[TE],-0.024675967981453304,0.026215763253080237,het_gp_ctx,2023,9.0
ctx:exp_margin[TE],0.03752946830451097,0.02811262907411132,het_gp_ctx,2023,9.0
ctx:exp_pts_for[WR],-0.020945101218610266,0.026048020379214255,het_gp_ctx,2023,9.0
ctx:exp_margin[WR],0.0134040424620954,0.027729038846816895,het_gp_ctx,2023,9.0
roll_avg_points_allowed_z,-0.0073560188071534645,0.007907003252286436,het_gp_ctx_novegas,2023,9.0
lag_yards_per_rush_attempt_z,-0.0022248900534616632,0.008851794154133225,het_gp_ctx_novegas,2023,9.0
lag_yards_per_target_z,0.012418124230386086,0.007773592485973063,het_gp_ctx_novegas,2023,9.0
lag_avg_depth_of_target_z,-0.008680388031645813,0.010122620192082854,het_gp_ctx_novegas,2023,9.0
lag_target_share_z,0.03229361765528966,0.012703727452906896,het_gp_ctx_novegas,2023,9.0
lag_rush_share_z,0.1381162393024233,0.01779198103401941,het_gp_ctx_novegas,2023,9.0
temp_z,-0.003915581869090053,0.008594908846109476,het_gp_ctx_novegas,2023,9.0
wind_z,-0.02845113839369661,0.010507607625331856,het_gp_ctx_novegas,2023,9.0
games_missed_ytd_z,-0.06880442805753494,0.010478485663584202,het_gp_ctx_novegas,2023,9.0
lag_offense_pct_z,0.15142308408537755,0.012993603386395842,het_gp_ctx_novegas,2023,9.0
lag_st_pct_z,-0.0810576083520411,0.011915757512864044,het_gp_ctx_novegas,2023,9.0
ctx:exp_pts_for[RB],0.016961231479125278,0.021425278277196105,het_gp_ctx_novegas,2023,9.0
ctx:exp_margin[RB],0.03349101726002494,0.02386002996517918,het_gp_ctx_novegas,2023,9.0
ctx:exp_pts_for[TE],0.019067288929979512,0.019902157174993974,het_gp_ctx_novegas,2023,9.0
ctx:exp_margin[TE],0.020101780910737204,0.01928309594360854,het_gp_ctx_novegas,2023,9.0
ctx:exp_pts_for[WR],0.023229922845770162,0.019888387439313853,het_gp_ctx_novegas,2023,9.0
ctx:exp_margin[WR],-0.00481226103989543,0.02006766633078013,het_gp_ctx_novegas,2023,9.0
spread_line_z,-0.0002657368562521273,0.007169764296724495,het_gp,2023,12.0
roll_avg_points_allowed_z,-0.007350804842468656,0.007157433687028531,het_gp,2023,12.0
lag_yards_per_rush_attempt_z,0.00020447166480163308,0.008931415144556885,het_gp,2023,12.0
lag_yards_per_target_z,0.013214048601835702,0.007486353859609733,het_gp,2023,12.0
lag_avg_depth_of_target_z,-0.010911327331026356,0.009451083108024214,het_gp,2023,12.0
lag_target_share_z,0.03441619293046386,0.011935866986298591,het_gp,2023,12.0
lag_rush_share_z,0.13873937991011784,0.016127829667485098,het_gp,2023,12.0
temp_z,-0.004472883380230229,0.008550089203526295,het_gp,2023,12.0
wind_z,-0.026341521329589623,0.010603590705988248,het_gp,2023,12.0
games_missed_ytd_z,-0.07273492612092558,0.01035823052316214,het_gp,2023,12.0
lag_offense_pct_z,0.15276204036948166,0.013493133535861596,het_gp,2023,12.0
lag_st_pct_z,-0.07898078280445053,0.011297636006539852,het_gp,2023,12.0
roll_avg_points_allowed_z,-0.005021820197041069,0.007367964104626716,het_gp_vegas,2023,12.0
lag_yards_per_rush_attempt_z,0.0001421803233245707,0.009211117708298163,het_gp_vegas,2023,12.0
lag_yards_per_target_z,0.012901766902676628,0.00822077892291261,het_gp_vegas,2023,12.0
lag_avg_depth_of_target_z,-0.01126296224694592,0.010259592429132857,het_gp_vegas,2023,12.0
lag_target_share_z,0.03591839276644178,0.01190336437368012,het_gp_vegas,2023,12.0
lag_rush_share_z,0.13912766878599783,0.01646541224061904,het_gp_vegas,2023,12.0
temp_z,-0.010404285589441512,0.00851567028903619,het_gp_vegas,2023,12.0
wind_z,-0.02418814965339675,0.010216754972498738,het_gp_vegas,2023,12.0
games_missed_ytd_z,-0.06897352267997042,0.010356085509127188,het_gp_vegas,2023,12.0
lag_offense_pct_z,0.15370203321617432,0.013739741594726634,het_gp_vegas,2023,12.0
lag_st_pct_z,-0.07808589133899431,0.010598109428483304,het_gp_vegas,2023,12.0
team_spread_z,-0.02268995145425685,0.02083351112786392,het_gp_vegas,2023,12.0
vegas_team_total_z,0.05773974643429796,0.017265095328430465,het_gp_vegas,2023,12.0
roll_avg_points_allowed_z,-0.005872184121606314,0.007545034516673773,het_gp_ctx,2023,12.0
lag_yards_per_rush_attempt_z,-0.0004328507907160913,0.009109423615660403,het_gp_ctx,2023,12.0
lag_yards_per_target_z,0.012346289314079852,0.007950607527851001,het_gp_ctx,2023,12.0
lag_avg_depth_of_target_z,-0.010343239818177353,0.009671885904938093,het_gp_ctx,2023,12.0
lag_target_share_z,0.03693506332000548,0.012514755165365184,het_gp_ctx,2023,12.0
lag_rush_share_z,0.13847988112839393,0.015885612817046032,het_gp_ctx,2023,12.0
temp_z,-0.010614732535139304,0.008800026741251911,het_gp_ctx,2023,12.0
wind_z,-0.023096242233049617,0.010499573746597367,het_gp_ctx,2023,12.0
games_missed_ytd_z,-0.0687242092936409,0.010087798549795053,het_gp_ctx,2023,12.0
lag_offense_pct_z,0.15291751070975332,0.013304918862850646,het_gp_ctx,2023,12.0
lag_st_pct_z,-0.0795881703680599,0.011422439479385928,het_gp_ctx,2023,12.0
team_spread_z,-0.03337317826961603,0.02462030283583326,het_gp_ctx,2023,12.0
vegas_team_total_z,0.07154811272338749,0.0236258003757622,het_gp_ctx,2023,12.0
ctx:exp_pts_for[RB],-0.03245730877842395,0.02838960624249325,het_gp_ctx,2023,12.0
ctx:exp_margin[RB],0.053370628664851996,0.030658923196073058,het_gp_ctx,2023,12.0
ctx:exp_pts_for[TE],-0.0318386312144801,0.026102012571736707,het_gp_ctx,2023,12.0
ctx:exp_margin[TE],0.03884421156685229,0.02754562554256235,het_gp_ctx,2023,12.0
ctx:exp_pts_for[WR],-0.021187886565416366,0.025113295244683254,het_gp_ctx,2023,12.0
ctx:exp_margin[WR],0.01684269186951958,0.02780631382276926,het_gp_ctx,2023,12.0
roll_avg_points_allowed_z,-0.006785913917686903,0.007801401303972622,het_gp_ctx_novegas,2023,12.0
lag_yards_per_rush_attempt_z,-0.0003330846880143244,0.009409431620607988,het_gp_ctx_novegas,2023,12.0
lag_yards_per_target_z,0.012789846296753702,0.008618772364158077,het_gp_ctx_novegas,2023,12.0
lag_avg_depth_of_target_z,-0.01063479362723804,0.010150802150875255,het_gp_ctx_novegas,2023,12.0
lag_target_share_z,0.03452505577284057,0.012477994128006433,het_gp_ctx_novegas,2023,12.0
lag_rush_share_z,0.13877795642341592,0.01629071925218159,het_gp_ctx_novegas,2023,12.0
temp_z,-0.004778011258184292,0.008131539431175285,het_gp_ctx_novegas,2023,12.0
wind_z,-0.026701121839999127,0.01051993707777388,het_gp_ctx_novegas,2023,12.0
games_missed_ytd_z,-0.07193729942711342,0.010351276638393163,het_gp_ctx_novegas,2023,12.0
lag_offense_pct_z,0.15249160853983162,0.012831223494374147,het_gp_ctx_novegas,2023,12.0
lag_st_pct_z,-0.07918319291684432,0.01109486024176776,het_gp_ctx_novegas,2023,12.0
ctx:exp_pts_for[RB],0.011093431371997725,0.02343688501636902,het_gp_ctx_novegas,2023,12.0
ctx:exp_margin[RB],0.038709378548976846,0.0233894758754428,het_gp_ctx_novegas,2023,12.0
ctx:exp_pts_for[TE],0.015498883000615967,0.022070768075987818,het_gp_ctx_novegas,2023,12.0
ctx:exp_margin[TE],0.021200480102180955,0.020756556451410127,het_gp_ctx_novegas,2023,12.0
ctx:exp_pts_for[WR],0.02764025502530742,0.021561791655252342,het_gp_ctx_novegas,2023,12.0
ctx:exp_margin[WR],-0.002385244921685308,0.021130931057675106,het_gp_ctx_novegas,2023,12.0
spread_line_z,0.0029471176169356414,0.007627961369329506,het_gp,2023,15.0
roll_avg_points_allowed_z,-0.0058932208511928924,0.00691748586535388,het_gp,2023,15.0
lag_yards_per_rush_attempt_z,0.00115500539471348,0.008431855383037475,het_gp,2023,15.0
lag_yards_per_target_z,0.0112454343231945,0.007953338657003164,het_gp,2023,15.0
lag_avg_depth_of_target_z,-0.012284213787483738,0.00927465609617568,het_gp,2023,15.0
lag_target_share_z,0.03498470101102192,0.012014157444399678,het_gp,2023,15.0
lag_rush_share_z,0.1401118328915977,0.0158601654905372,het_gp,2023,15.0
temp_z,-0.0040657250495085865,0.008704147150479796,het_gp,2023,15.0
wind_z,-0.0198525362409057,0.010304735058729985,het_gp,2023,15.0
games_missed_ytd_z,-0.07367201305857583,0.010306101426935554,het_gp,2023,15.0
lag_offense_pct_z,0.15126584467955964,0.012717288936908483,het_gp,2023,15.0
lag_st_pct_z,-0.07583395292717965,0.010634157669410282,het_gp,2023,15.0
roll_avg_points_allowed_z,-0.0031838872660878573,0.007226731870855665,het_gp_vegas,2023,15.0
lag_yards_per_rush_attempt_z,0.0015206839949897816,0.008278419001382748,het_gp_vegas,2023,15.0
lag_yards_per_target_z,0.011044456320893388,0.008013827816394694,het_gp_vegas,2023,15.0
lag_avg_depth_of_target_z,-0.012284119698864072,0.0095576036473942,het_gp_vegas,2023,15.0
lag_target_share_z,0.03653838964996696,0.012109083539374994,het_gp_vegas,2023,15.0
lag_rush_share_z,0.141056021266946,0.01559579702223107,het_gp_vegas,2023,15.0
temp_z,-0.009632195874424454,0.007983887945928369,het_gp_vegas,2023,15.0
wind_z,-0.018114867836167708,0.009968252627648461,het_gp_vegas,2023,15.0
games_missed_ytd_z,-0.06941864762043665,0.010509005836355525,het_gp_vegas,2023,15.0
lag_offense_pct_z,0.15362347865595635,0.01248818166679445,het_gp_vegas,2023,15.0
lag_st_pct_z,-0.07579264771418212,0.010694202885999544,het_gp_vegas,2023,15.0
team_spread_z,-0.01338965458348555,0.020123865762384036,het_gp_vegas,2023,15.0
vegas_team_total_z,0.05350865067217882,0.016509457954226335,het_gp_vegas,2023,15.0
roll_avg_points_allowed_z,-0.004185211101722295,0.007225129136711158,het_gp_ctx,2023,15.0
lag_yards_per_rush_attempt_z,0.001102236470151274,0.008474706802975657,het_gp_ctx,2023,15.0
lag_yards_per_target_z,0.010641737405231387,0.008004852640618875,het_gp_ctx,2023,15.0
lag_avg_depth_of_target_z,-0.011706509742442833,0.009736503516327091,het_gp_ctx,2023,15.0
lag_target_share_z,0.03726754820670203,0.011661066669900499,het_gp_ctx,2023,15.0
lag_rush_share_z,0.1417031519838493,0.016241181579490588,het_gp_ctx,2023,15.0
temp_z,-0.010484811847666541,0.008388042753141943,het_gp_ctx,2023,15.0
wind_z,-0.01755393738856353,0.009593693011907841,het_gp_ctx,2023,15.0
games_missed_ytd_z,-0.06992017616243168,0.010397878016927146,het_gp_ctx,2023,15.0
lag_offense_pct_z,0.15197073423624785,0.012515938911759655,het_gp_ctx,2023,15.0
lag_st_pct_z,-0.07660366124605818,0.01111661217953562,het_gp_ctx,2023,15.0
team_spread_z,-0.026793684085065307,0.023432506340427817,het_gp_ctx,2023,15.0
vegas_team_total_z,0.0682208730334935,0.022648800610955793,het_gp_ctx,2023,15.0
ctx:exp_pts_for[RB],-0.0372959741369413,0.028056873116737737,het_gp_ctx,2023,15.0
ctx:exp_margin[RB],0.05264499125218752,0.03014935175590227,het_gp_ctx,2023,15.0
ctx:exp_pts_for[TE],-0.031622591608084366,0.02594924080004949,het_gp_ctx,2023,15.0
ctx:exp_margin[TE],0.03340565887320031,0.02650788332211498,het_gp_ctx,2023,15.0
ctx:exp_pts_for[WR],-0.00819568254367226,0.025327576240771844,het_gp_ctx,2023,15.0
ctx:exp_margin[WR],0.004291126770092136,0.026946161048927088,het_gp_ctx,2023,15.0
roll_avg_points_allowed_z,-0.0049579255167004985,0.007266795239587519,het_gp_ctx_novegas,2023,15.0
lag_yards_per_rush_attempt_z,0.0012754179576378092,0.008359165461057597,het_gp_ctx_novegas,2023,15.0
lag_yards_per_target_z,0.010939408231111517,0.008096871928609035,het_gp_ctx_novegas,2023,15.0
lag_avg_depth_of_target_z,-0.011616276208776486,0.009593494553960443,het_gp_ctx_novegas,2023,15.0
lag_target_share_z,0.03518333859877216,0.012006904905200205,het_gp_ctx_novegas,2023,15.0
lag_rush_share_z,0.13985858642824403,0.01546337422478637,het_gp_ctx_novegas,2023,15.0
temp_z,-0.004957732964792179,0.008811779662909792,het_gp_ctx_novegas,2023,15.0
wind_z,-0.020644120223931663,0.010388168112971679,het_gp_ctx_novegas,2023,15.0
games_missed_ytd_z,-0.07299120847904395,0.010469913078044775,het_gp_ctx_novegas,2023,15.0
lag_offense_pct_z,0.15180815545539486,0.012789577097240904,het_gp_ctx_novegas,2023,15.0
lag_st_pct_z,-0.07682209799342202,0.01119002085561989,het_gp_ctx_novegas,2023,15.0
ctx:exp_pts_for[RB],0.006551697797626112,0.024316308204871136,het_gp_ctx_novegas,2023,15.0
ctx:exp_margin[RB],0.039391317789009804,0.02389702057975217,het_gp_ctx_novegas,2023,15.0
ctx:exp_pts_for[TE],0.0113838642096093,0.021484895003794767,het_gp_ctx_novegas,2023,15.0
ctx:exp_margin[TE],0.02146592985916372,0.02017906278154336,het_gp_ctx_novegas,2023,15.0
ctx:exp_pts_for[WR],0.034302831224772345,0.02159316067708402,het_gp_ctx_novegas,2023,15.0
ctx:exp_margin[WR],-0.006769105331453089,0.020656326749352878,het_gp_ctx_novegas,2023,15.0
spread_line_z,0.013846989765495952,0.0077473435596214476,het_gp,2024,6.0
roll_avg_points_allowed_z,-0.013183506326572766,0.008507582530478303,het_gp,2024,6.0
lag_yards_per_rush_attempt_z,0.004675439631060975,0.009736993413759654,het_gp,2024,6.0
lag_yards_per_target_z,0.008017569144032982,0.008874419163791891,het_gp,2024,6.0
lag_avg_depth_of_target_z,-0.010136552318565775,0.010574049901777073,het_gp,2024,6.0
lag_target_share_z,0.05240100190188059,0.014276697279432767,het_gp,2024,6.0
lag_rush_share_z,0.1633347319079825,0.0181838789927795,het_gp,2024,6.0
temp_z,-0.011982296001291077,0.00930708563588868,het_gp,2024,6.0
wind_z,-0.01708825876779399,0.011851616590020455,het_gp,2024,6.0
games_missed_ytd_z,-0.05627885699342004,0.010969620993354814,het_gp,2024,6.0
lag_offense_pct_z,0.15958196078257786,0.014472634807171628,het_gp,2024,6.0
lag_st_pct_z,-0.088265830701163,0.011784572780215144,het_gp,2024,6.0
roll_avg_points_allowed_z,-0.011573890962835105,0.008158835999412042,het_gp_vegas,2024,6.0
lag_yards_per_rush_attempt_z,0.005008174222653466,0.009615402899433117,het_gp_vegas,2024,6.0
lag_yards_per_target_z,0.008161768315330723,0.008918719601290002,het_gp_vegas,2024,6.0
lag_avg_depth_of_target_z,-0.010636891118391011,0.010679335891073932,het_gp_vegas,2024,6.0
lag_target_share_z,0.0534837889899972,0.01310822161969879,het_gp_vegas,2024,6.0
lag_rush_share_z,0.16476978090978886,0.01728845062007427,het_gp_vegas,2024,6.0
temp_z,-0.015602051359752006,0.008987917652732585,het_gp_vegas,2024,6.0
wind_z,-0.016979739377247317,0.011686584995435225,het_gp_vegas,2024,6.0
games_missed_ytd_z,-0.05383414977500108,0.011331926682928971,het_gp_vegas,2024,6.0
lag_offense_pct_z,0.16097163461802583,0.01358102854526915,het_gp_vegas,2024,6.0
lag_st_pct_z,-0.08853742107775309,0.011492637766449884,het_gp_vegas,2024,6.0
team_spread_z,-0.0014495101083865903,0.019678238077737616,het_gp_vegas,2024,6.0
vegas_team_total_z,0.046841251842476825,0.01758131276627354,het_gp_vegas,2024,6.0
roll_avg_points_allowed_z,-0.010892706075289409,0.007784846385007451,het_gp_ctx,2024,6.0
lag_yards_per_rush_attempt_z,0.0052157960639040045,0.00945623928260598,het_gp_ctx,2024,6.0
lag_yards_per_target_z,0.008209063735966537,0.008819275304588023,het_gp_ctx,2024,6.0
lag_avg_depth_of_target_z,-0.009951568499651446,0.010740884144055784,het_gp_ctx,2024,6.0
lag_target_share_z,0.05289595415779309,0.013176667082311043,het_gp_ctx,2024,6.0
lag_rush_share_z,0.16070643007454094,0.016622992681844893,het_gp_ctx,2024,6.0
temp_z,-0.01689309840725719,0.009910592978909427,het_gp_ctx,2024,6.0
wind_z,-0.014010249281439471,0.011619309508985449,het_gp_ctx,2024,6.0
games_missed_ytd_z,-0.05384712184798042,0.011646169363875577,het_gp_ctx,2024,6.0
lag_offense_pct_z,0.16149757156562364,0.014006792013427373,het_gp_ctx,2024,6.0
lag_st_pct_z,-0.08926691896430888,0.0115580858538124,het_gp_ctx,2024,6.0
team_spread_z,-0.026524460637215457,0.023331786225724693,het_gp_ctx,2024,6.0
vegas_team_total_z,0.08051871230614266,0.022601882682476197,het_gp_ctx,2024,6.0
ctx:exp_pts_for[RB],-0.07194722908547178,0.031292860611613946,het_gp_ctx,2024,6.0
ctx:exp_margin[RB],0.055793241144723386,0.030614570348380155,het_gp_ctx,2024,6.0
ctx:exp_pts_for[TE],-0.06445221657411544,0.02857296643786842,het_gp_ctx,2024,6.0
ctx:exp_margin[TE],0.037853718804232814,0.02778117604088433,het_gp_ctx,2024,6.0
ctx:exp_pts_for[WR],0.007193500688115225,0.029107591732033703,het_gp_ctx,2024,6.0
ctx:exp_margin[WR],-0.007908473030927702,0.029609121102828786,het_gp_ctx,2024,6.0
roll_avg_points_allowed_z,-0.0119450595576958,0.00811448405408348,het_gp_ctx_novegas,2024,6.0
lag_yards_per_rush_attempt_z,0.004764451989056421,0.009486076128782755,het_gp_ctx_novegas,2024,6.0
lag_yards_per_target_z,0.008017453333874982,0.00843313829353189,het_gp_ctx_novegas,2024,6.0
lag_avg_depth_of_target_z,-0.009361652608512547,0.010363451378192813,het_gp_ctx_novegas,2024,6.0
lag_target_share_z,0.050708689295282605,0.013572627204068908,het_gp_ctx_novegas,2024,6.0
lag_rush_share_z,0.16188918070790798,0.01809073422264347,het_gp_ctx_novegas,2024,6.0
temp_z,-0.013319303757499705,0.009226240545364023,het_gp_ctx_novegas,2024,6.0
wind_z,-0.018858554295492002,0.012044501210948595,het_gp_ctx_novegas,2024,6.0
games_missed_ytd_z,-0.0572148229822907,0.010909394681579006,het_gp_ctx_novegas,2024,6.0
lag_offense_pct_z,0.16091918730779534,0.014658763848126005,het_gp_ctx_novegas,2024,6.0
lag_st_pct_z,-0.08783926536852656,0.011746889286326952,het_gp_ctx_novegas,2024,6.0
ctx:exp_pts_for[RB],-0.020102797429324904,0.028170613297017748,het_gp_ctx_novegas,2024,6.0
ctx:exp_margin[RB],0.04513926439650924,0.02573668976434569,het_gp_ctx_novegas,2024,6.0
ctx:exp_pts_for[TE],-0.013015293184563933,0.024778244295448306,het_gp_ctx_novegas,2024,6.0
ctx:exp_margin[TE],0.026936765600505324,0.021048988996151655,het_gp_ctx_novegas,2024,6.0
ctx:exp_pts_for[WR],0.05920159661665154,0.024763056107552868,het_gp_ctx_novegas,2024,6.0
ctx:exp_margin[WR],-0.019557815886687053,0.022562972196751484,het_gp_ctx_novegas,2024,6.0
spread_line_z,0.01097491080030208,0.0075418408832728856,het_gp,2024,9.0
roll_avg_points_allowed_z,-0.013001883518498531,0.0077106714694427855,het_gp,2024,9.0
lag_yards_per_rush_attempt_z,0.0034657710599785346,0.008949151119282526,het_gp,2024,9.0
lag_yards_per_target_z,0.005798129597571579,0.008149677799879667,het_gp,2024,9.0
lag_avg_depth_of_target_z,-0.010052927070139332,0.010404045698365222,het_gp,2024,9.0
lag_target_share_z,0.05642112941073535,0.012328108424116767,het_gp,2024,9.0
lag_rush_share_z,0.16169577536284238,0.016867534993546422,het_gp,2024,9.0
temp_z,-0.00941660146992891,0.009323058723666611,het_gp,2024,9.0
wind_z,-0.013569671697166068,0.011520795446193846,het_gp,2024,9.0
games_missed_ytd_z,-0.055335184405537544,0.010595815461606237,het_gp,2024,9.0
lag_offense_pct_z,0.1530744902458034,0.012703487040180225,het_gp,2024,9.0
lag_st_pct_z,-0.08518711881305324,0.011388442694159432,het_gp,2024,9.0
roll_avg_points_allowed_z,-0.010852797164753894,0.007750875065507502,het_gp_vegas,2024,9.0
lag_yards_per_rush_attempt_z,0.004353080771227547,0.008842464396257058,het_gp_vegas,2024,9.0
lag_yards_per_target_z,0.005631595889149332,0.008271984678514161,het_gp_vegas,2024,9.0
lag_avg_depth_of_target_z,-0.010009369292604962,0.010197307452108426,het_gp_vegas,2024,9.0
lag_target_share_z,0.05889964654690202,0.012810398826470485,het_gp_vegas,2024,9.0
lag_rush_share_z,0.1641350075990534,0.01728989504850252,het_gp_vegas,2024,9.0
temp_z,-0.014370235978953157,0.008191284109848805,het_gp_vegas,2024,9.0
wind_z,-0.012650669583282955,0.010856128575625361,het_gp_vegas,2024,9.0
games_missed_ytd_z,-0.0517347362486169,0.010598134555170238,het_gp_vegas,2024,9.0
lag_offense_pct_z,0.15300891867497388,0.013101540058038506,het_gp_vegas,2024,9.0
lag_st_pct_z,-0.08573974311648659,0.010939292161681291,het_gp_vegas,2024,9.0
team_spread_z,-0.003412741849036142,0.019194024791795716,het_gp_vegas,2024,9.0
vegas_team_total_z,0.05330549202095801,0.01573795580415451,het_gp_vegas,2024,9.0
roll_avg_points_allowed_z,-0.01080017904819481,0.008466224056806805,het_gp_ctx,2024,9.0
lag_yards_per_rush_attempt_z,0.0050718223485325545,0.008890726606504291,het_gp_ctx,2024,9.0
lag_yards_per_target_z,0.005663736239955519,0.008493252552539387,het_gp_ctx,2024,9.0
lag_avg_depth_of_target_z,-0.010042398207369097,0.01011393277495335,het_gp_ctx,2024,9.0
lag_target_share_z,0.056653330640707135,0.012873928313497979,het_gp_ctx,2024,9.0
lag_rush_share_z,0.1601004179253945,0.01671095501584799,het_gp_ctx,2024,9.0
temp_z,-0.015984682518238817,0.008951881803947475,het_gp_ctx,2024,9.0
wind_z,-0.009226640024005929,0.011912222330698797,het_gp_ctx,2024,9.0
games_missed_ytd_z,-0.05230846950469672,0.010347992208132699,het_gp_ctx,2024,9.0
lag_offense_pct_z,0.15346012276997395,0.013531400687699466,het_gp_ctx,2024,9.0
lag_st_pct_z,-0.08459644881191623,0.011347471565762214,het_gp_ctx,2024,9.0
team_spread_z,-0.03324917227157274,0.021055047977263285,het_gp_ctx,2024,9.0
vegas_team_total_z,0.09149836428695196,0.021710251011757897,het_gp_ctx,2024,9.0
ctx:exp_pts_for[RB],-0.07820497271461195,0.030651682576240936,het_gp_ctx,2024,9.0
ctx:exp_margin[RB],0.058375131762153865,0.030336314112923413,het_gp_ctx,2024,9.0
ctx:exp_pts_for[TE],-0.06092259767998067,0.027658807962884797,het_gp_ctx,2024,9.0
ctx:exp_margin[TE],0.03824433462433039,0.026508515398851563,het_gp_ctx,2024,9.0
ctx:exp_pts_for[WR],-0.006727410476504141,0.028049617106047968,het_gp_ctx,2024,9.0
ctx:exp_margin[WR],-0.0059484715302938924,0.027526630098502022,het_gp_ctx,2024,9.0
roll_avg_points_allowed_z,-0.012110652719704334,0.007438069006978751,het_gp_ctx_novegas,2024,9.0
lag_yards_per_rush_attempt_z,0.004088306121703388,0.009027160034123958,het_gp_ctx_novegas,2024,9.0
lag_yards_per_target_z,0.005813295462405819,0.007888273312054663,het_gp_ctx_novegas,2024,9.0
lag_avg_depth_of_target_z,-0.010179302650750134,0.009333429903078495,het_gp_ctx_novegas,2024,9.0
lag_target_share_z,0.05440817324886005,0.013062050964792323,het_gp_ctx_novegas,2024,9.0
lag_rush_share_z,0.1591193918121023,0.017544046501054657,het_gp_ctx_novegas,2024,9.0
temp_z,-0.010540105739086422,0.008638496489893698,het_gp_ctx_novegas,2024,9.0
wind_z,-0.01548764642573386,0.011146443534259325,het_gp_ctx_novegas,2024,9.0
games_missed_ytd_z,-0.055207148799270855,0.010897136361318985,het_gp_ctx_novegas,2024,9.0
lag_offense_pct_z,0.15374615408979508,0.013470427833056018,het_gp_ctx_novegas,2024,9.0
lag_st_pct_z,-0.08429462585645722,0.011412871067058947,het_gp_ctx_novegas,2024,9.0
ctx:exp_pts_for[RB],-0.017791895014558468,0.027060863429712655,het_gp_ctx_novegas,2024,9.0
ctx:exp_margin[RB],0.042284771617051076,0.02564049331026927,het_gp_ctx_novegas,2024,9.0
ctx:exp_pts_for[TE],0.0002242215618840585,0.023738205649539497,het_gp_ctx_novegas,2024,9.0
ctx:exp_margin[TE],0.020597617213986567,0.02097056820775655,het_gp_ctx_novegas,2024,9.0
ctx:exp_pts_for[WR],0.05186904567398217,0.02399275645800129,het_gp_ctx_novegas,2024,9.0
ctx:exp_margin[WR],-0.01914514725995868,0.022478380061209044,het_gp_ctx_novegas,2024,9.0
spread_line_z,0.012957122670471135,0.007523929716381262,het_gp,2024,12.0
roll_avg_points_allowed_z,-0.01335334746165355,0.0073680626862690345,het_gp,2024,12.0
lag_yards_per_rush_attempt_z,0.00578214697288665,0.0089509098752447,het_gp,2024,12.0
lag_yards_per_target_z,0.005249958179484828,0.007977445579639307,het_gp,2024,12.0
lag_avg_depth_of_target_z,-0.010175295475677653,0.009858498409009963,het_gp,2024,12.0
lag_target_share_z,0.05968972638598184,0.012201426899862871,het_gp,2024,12.0
lag_rush_share_z,0.1568511657108325,0.01619722064789537,het_gp,2024,12.0
temp_z,-0.0064271238519400175,0.008304103237391532,het_gp,2024,12.0
wind_z,-0.009768211320653043,0.01144416287007431,het_gp,2024,12.0
games_missed_ytd_z,-0.0552400746099369,0.009753093951664868,het_gp,2024,12.0
lag_offense_pct_z,0.15083172064246683,0.012655294727511158,het_gp,2024,12.0
lag_st_pct_z,-0.0803039677289873,0.010971605146763179,het_gp,2024,12.0
roll_avg_points_allowed_z,-0.01054759087564202,0.007699596641637098,het_gp_vegas,2024,12.0
lag_yards_per_rush_attempt_z,0.00649148004887379,0.008467934916254359,het_gp_vegas,2024,12.0
lag_yards_per_target_z,0.0052314039070046016,0.008380151497167912,het_gp_vegas,2024,12.0
lag_avg_depth_of_target_z,-0.010757939977640872,0.010122597771392575,het_gp_vegas,2024,12.0
lag_target_share_z,0.060327800620730704,0.011758708863602682,het_gp_vegas,2024,12.0
lag_rush_share_z,0.15762857230915245,0.016242966397869988,het_gp_vegas,2024,12.0
temp_z,-0.011496500305769194,0.00845147609056492,het_gp_vegas,2024,12.0
wind_z,-0.008548564738234865,0.011133888007676706,het_gp_vegas,2024,12.0
games_missed_ytd_z,-0.050797387470845744,0.009770638104541483,het_gp_vegas,2024,12.0
lag_offense_pct_z,0.15129912101298906,0.013773988776684192,het_gp_vegas,2024,12.0
lag_st_pct_z,-0.08054033483694392,0.010590674261168786,het_gp_vegas,2024,12.0
team_spread_z,-0.005335208752076782,0.01911430697807716,het_gp_vegas,2024,12.0
vegas_team_total_z,0.05893035270711283,0.01623067117640678,het_gp_vegas,2024,12.0
roll_avg_points_allowed_z,-0.010827456437803206,0.007735660152796187,het_gp_ctx,2024,12.0
lag_yards_per_rush_attempt_z,0.0063876860081292395,0.009118991759191623,het_gp_ctx,2024,12.0
lag_yards_per_target_z,0.005172069191705535,0.008075134379528205,het_gp_ctx,2024,12.0
lag_avg_depth_of_target_z,-0.010302157138884037,0.00984282553570439,het_gp_ctx,2024,12.0
lag_target_share_z,0.05960478137268184,0.012028123797781023,het_gp_ctx,2024,12.0
lag_rush_share_z,0.15670220833162343,0.016650374666391684,het_gp_ctx,2024,12.0
temp_z,-0.012769635637180397,0.00875284478012879,het_gp_ctx,2024,12.0
wind_z,-0.006081513572002615,0.011354076111107645,het_gp_ctx,2024,12.0
games_missed_ytd_z,-0.05130490508200194,0.010149121847835995,het_gp_ctx,2024,12.0
lag_offense_pct_z,0.15091731849609225,0.012907235924033538,het_gp_ctx,2024,12.0
lag_st_pct_z,-0.08020461462122656,0.010852114902082889,het_gp_ctx,2024,12.0
team_spread_z,-0.030191058414688794,0.02234724858619722,het_gp_ctx,2024,12.0
vegas_team_total_z,0.09146752097618797,0.02201020000888416,het_gp_ctx,2024,12.0
ctx:exp_pts_for[RB],-0.07116510456214406,0.029148802738112878,het_gp_ctx,2024,12.0
ctx:exp_margin[RB],0.056055294048277526,0.029419333432141898,het_gp_ctx,2024,12.0
ctx:exp_pts_for[TE],-0.055916592581339575,0.027634221408226935,het_gp_ctx,2024,12.0
ctx:exp_margin[TE],0.03112705631468402,0.02601413573564439,het_gp_ctx,2024,12.0
ctx:exp_pts_for[WR],-0.008264000334049476,0.027652229950765547,het_gp_ctx,2024,12.0
ctx:exp_margin[WR],-0.009971495198811282,0.026568835196485337,het_gp_ctx,2024,12.0
roll_avg_points_allowed_z,-0.012295991120562575,0.007459130914389408,het_gp_ctx_novegas,2024,12.0
lag_yards_per_rush_attempt_z,0.005841679356765081,0.009448408909152241,het_gp_ctx_novegas,2024,12.0
lag_yards_per_target_z,0.005835340932519178,0.00831263383261989,het_gp_ctx_novegas,2024,12.0
lag_avg_depth_of_target_z,-0.010394177956632873,0.010144489308935965,het_gp_ctx_novegas,2024,12.0
lag_target_share_z,0.05691368774795843,0.012656425283976402,het_gp_ctx_novegas,2024,12.0
lag_rush_share_z,0.1566840065226707,0.017131045909149514,het_gp_ctx_novegas,2024,12.0
temp_z,-0.00828359410447373,0.008622044516073494,het_gp_ctx_novegas,2024,12.0
wind_z,-0.010712082706266408,0.010644949315673046,het_gp_ctx_novegas,2024,12.0
games_missed_ytd_z,-0.05427112334214831,0.010234404937856361,het_gp_ctx_novegas,2024,12.0
lag_offense_pct_z,0.1507882121352283,0.012818494150770464,het_gp_ctx_novegas,2024,12.0
lag_st_pct_z,-0.08000580822674597,0.011120021715944471,het_gp_ctx_novegas,2024,12.0
ctx:exp_pts_for[RB],-0.006628654716392815,0.025372899841038216,het_gp_ctx_novegas,2024,12.0
ctx:exp_margin[RB],0.03909349925161677,0.02297646888444728,het_gp_ctx_novegas,2024,12.0
ctx:exp_pts_for[TE],0.003935515082563829,0.02253747417520637,het_gp_ctx_novegas,2024,12.0
ctx:exp_margin[TE],0.01728612390503722,0.019138532587351733,het_gp_ctx_novegas,2024,12.0
ctx:exp_pts_for[WR],0.051556443737592265,0.023707835745207618,het_gp_ctx_novegas,2024,12.0
ctx:exp_margin[WR],-0.020679254632112083,0.021972691210378942,het_gp_ctx_novegas,2024,12.0
spread_line_z,0.012339459878517582,0.007075813637616992,het_gp,2024,15.0
roll_avg_points_allowed_z,-0.015769289781198296,0.0071909752718583055,het_gp,2024,15.0
lag_yards_per_rush_attempt_z,0.007587385669240286,0.008248306879259976,het_gp,2024,15.0
lag_yards_per_target_z,0.007914043437247156,0.007846392343089243,het_gp,2024,15.0
lag_avg_depth_of_target_z,-0.012338262372205843,0.009616882765329208,het_gp,2024,15.0
lag_target_share_z,0.05792272619408458,0.012520971290461458,het_gp,2024,15.0
lag_rush_share_z,0.14745947071235685,0.01522796631175562,het_gp,2024,15.0
temp_z,-0.00998431388282726,0.008828690732205774,het_gp,2024,15.0
wind_z,-0.012744645976208524,0.010889071118751788,het_gp,2024,15.0
games_missed_ytd_z,-0.05963688064263175,0.01004905797832908,het_gp,2024,15.0
lag_offense_pct_z,0.15157726712235897,0.012729375150575152,het_gp,2024,15.0
lag_st_pct_z,-0.07921833664209339,0.011119443776170825,het_gp,2024,15.0
roll_avg_points_allowed_z,-0.013486469738781618,0.00794513663317517,het_gp_vegas,2024,15.0
lag_yards_per_rush_attempt_z,0.008223961572995667,0.008932914842799327,het_gp_vegas,2024,15.0
lag_yards_per_target_z,0.007454763230407561,0.007559715883998692,het_gp_vegas,2024,15.0
lag_avg_depth_of_target_z,-0.012401605431122837,0.009265039213745132,het_gp_vegas,2024,15.0
lag_target_share_z,0.05914093483458897,0.011670146183686036,het_gp_vegas,2024,15.0
lag_rush_share_z,0.14874705581148656,0.01578605002625578,het_gp_vegas,2024,15.0
temp_z,-0.014725955713265746,0.008683045326257922,het_gp_vegas,2024,15.0
wind_z,-0.010418291317678952,0.010908918088075505,het_gp_vegas,2024,15.0
games_missed_ytd_z,-0.05608831247605693,0.010129880380634247,het_gp_vegas,2024,15.0
lag_offense_pct_z,0.1514592733878901,0.012098822774860966,het_gp_vegas,2024,15.0
lag_st_pct_z,-0.07863206341834024,0.01045962367375408,het_gp_vegas,2024,15.0
team_spread_z,-0.012374516861850107,0.01925921923318026,het_gp_vegas,2024,15.0
vegas_team_total_z,0.06114768671022718,0.01608960265213162,het_gp_vegas,2024,15.0
roll_avg_points_allowed_z,-0.014032653634932593,0.007515777801067083,het_gp_ctx,2024,15.0
lag_yards_per_rush_attempt_z,0.008327438847442687,0.008489235376656697,het_gp_ctx,2024,15.0
lag_yards_per_target_z,0.007559775795740371,0.008317213442338135,het_gp_ctx,2024,15.0
lag_avg_depth_of_target_z,-0.011589869611931628,0.009684129923648692,het_gp_ctx,2024,15.0
lag_target_share_z,0.05808673273818991,0.011978240946386592,het_gp_ctx,2024,15.0
lag_rush_share_z,0.1452261939081823,0.016451858550446355,het_gp_ctx,2024,15.0
temp_z,-0.01559064823125446,0.008538443754311389,het_gp_ctx,2024,15.0
wind_z,-0.008745931530734852,0.011472954989612245,het_gp_ctx,2024,15.0
games_missed_ytd_z,-0.05636018968572342,0.009808582172290916,het_gp_ctx,2024,15.0
lag_offense_pct_z,0.15179364280400284,0.01263559909254899,het_gp_ctx,2024,15.0
lag_st_pct_z,-0.07834486647943353,0.010880369544177853,het_gp_ctx,2024,15.0
team_spread_z,-0.03832581612469759,0.0217932392370786,het_gp_ctx,2024,15.0
vegas_team_total_z,0.095167355344986,0.020702903420330068,het_gp_ctx,2024,15.0
ctx:exp_pts_for[RB],-0.07547786632888538,0.028858424155800606,het_gp_ctx,2024,15.0
ctx:exp_margin[RB],0.06342310414850542,0.02867652223887326,het_gp_ctx,2024,15.0
ctx:exp_pts_for[TE],-0.06232455702065396,0.026933258378900878,het_gp_ctx,2024,15.0
ctx:exp_margin[TE],0.0407908396349731,0.02494943296897311,het_gp_ctx,2024,15.0
ctx:exp_pts_for[WR],-0.016555892997791016,0.02820129553605769,het_gp_ctx,2024,15.0
ctx:exp_margin[WR],-0.0007746761678523238,0.02707943903945479,het_gp_ctx,2024,15.0
roll_avg_points_allowed_z,-0.014948350147489804,0.007016331730607158,het_gp_ctx_novegas,2024,15.0
lag_yards_per_rush_attempt_z,0.007975274654600984,0.009014889822235552,het_gp_ctx_novegas,2024,15.0
lag_yards_per_target_z,0.007623027885570173,0.007406392453431502,het_gp_ctx_novegas,2024,15.0
lag_avg_depth_of_target_z,-0.011930631746833696,0.009056118312820093,het_gp_ctx_novegas,2024,15.0
lag_target_share_z,0.057435797443589946,0.012488244271655747,het_gp_ctx_novegas,2024,15.0
lag_rush_share_z,0.14639999813816676,0.015969213872835827,het_gp_ctx_novegas,2024,15.0
temp_z,-0.010709675636427416,0.008017564666474882,het_gp_ctx_novegas,2024,15.0
wind_z,-0.014980574736286471,0.010456907508030192,het_gp_ctx_novegas,2024,15.0
games_missed_ytd_z,-0.0592661557938757,0.009792689571189988,het_gp_ctx_novegas,2024,15.0
lag_offense_pct_z,0.15126727469173243,0.013320597164592926,het_gp_ctx_novegas,2024,15.0
lag_st_pct_z,-0.07899787593034337,0.010844284901869934,het_gp_ctx_novegas,2024,15.0
ctx:exp_pts_for[RB],-0.012678327362990712,0.025710341133296406,het_gp_ctx_novegas,2024,15.0
ctx:exp_margin[RB],0.045324921870036144,0.022890784675191005,het_gp_ctx_novegas,2024,15.0
ctx:exp_pts_for[TE],0.0003166629278846472,0.022773783701523394,het_gp_ctx_novegas,2024,15.0
ctx:exp_margin[TE],0.022434988351078867,0.02004408054195765,het_gp_ctx_novegas,2024,15.0
ctx:exp_pts_for[WR],0.04798337380154303,0.02204819653823936,het_gp_ctx_novegas,2024,15.0
ctx:exp_margin[WR],-0.02208003811126555,0.020901946621308537,het_gp_ctx_novegas,2024,15.0
spread_line_z,0.00908477636299391,0.007813660754849239,het_gp,2025,6.0
roll_avg_points_allowed_z,-0.013943651785728456,0.008036669349414773,het_gp,2025,6.0
lag_yards_per_rush_attempt_z,0.012035996349520964,0.010022640749975355,het_gp,2025,6.0
lag_yards_per_target_z,0.008604944114533037,0.008461593055589306,het_gp,2025,6.0
lag_avg_depth_of_target_z,-0.01635949421062391,0.01132278646445184,het_gp,2025,6.0
lag_target_share_z,0.06995498214423317,0.01315424636571932,het_gp,2025,6.0
lag_rush_share_z,0.13718812021204807,0.018703918677375638,het_gp,2025,6.0
temp_z,-0.018344222071495008,0.009570078234901126,het_gp,2025,6.0
wind_z,-0.016522484553099556,0.01141052343446911,het_gp,2025,6.0
games_missed_ytd_z,-0.05395619433346292,0.01114432183649543,het_gp,2025,6.0
lag_offense_pct_z,0.1565319466109982,0.013931708751213797,het_gp,2025,6.0
lag_st_pct_z,-0.0692680539336687,0.012017427334270052,het_gp,2025,6.0
roll_avg_points_allowed_z,-0.011669276994899398,0.008358458310330108,het_gp_vegas,2025,6.0
lag_yards_per_rush_attempt_z,0.011593423621004526,0.009307014378813195,het_gp_vegas,2025,6.0
lag_yards_per_target_z,0.007727648814329584,0.008686431358619197,het_gp_vegas,2025,6.0
lag_avg_depth_of_target_z,-0.016678304966340898,0.010694793785096714,het_gp_vegas,2025,6.0
lag_target_share_z,0.07148176042619768,0.012768903293724465,het_gp_vegas,2025,6.0
lag_rush_share_z,0.13699340077453492,0.018222493512845005,het_gp_vegas,2025,6.0
temp_z,-0.022080022356434865,0.008762215091996059,het_gp_vegas,2025,6.0
wind_z,-0.012172320277362215,0.011693896652158956,het_gp_vegas,2025,6.0
games_missed_ytd_z,-0.051007284983775006,0.010900972636891784,het_gp_vegas,2025,6.0
lag_offense_pct_z,0.15647574250361546,0.013447357401527927,het_gp_vegas,2025,6.0
lag_st_pct_z,-0.0677699945627125,0.011639231999753145,het_gp_vegas,2025,6.0
team_spread_z,0.00023107490266330413,0.020346155838410856,het_gp_vegas,2025,6.0
vegas_team_total_z,0.059656294803963415,0.01717251027501478,het_gp_vegas,2025,6.0
roll_avg_points_allowed_z,-0.012298485412960742,0.008365518382430458,het_gp_ctx,2025,6.0
lag_yards_per_rush_attempt_z,0.011935190565226624,0.009906473217205546,het_gp_ctx,2025,6.0
lag_yards_per_target_z,0.008102854054222224,0.008671766501902519,het_gp_ctx,2025,6.0
lag_avg_depth_of_target_z,-0.01529354012463795,0.010545201040353985,het_gp_ctx,2025,6.0
lag_target_share_z,0.06966506474250705,0.012864053883613506,het_gp_ctx,2025,6.0
lag_rush_share_z,0.13592085959949854,0.017489904198323147,het_gp_ctx,2025,6.0
temp_z,-0.0217989730719864,0.0088072094235261,het_gp_ctx,2025,6.0
wind_z,-0.00959946341561844,0.011746238918357865,het_gp_ctx,2025,6.0
games_missed_ytd_z,-0.05140532203633522,0.010305011413625003,het_gp_ctx,2025,6.0
lag_offense_pct_z,0.1575307745489718,0.013841738868110416,het_gp_ctx,2025,6.0
lag_st_pct_z,-0.06889266471064003,0.011548152761559407,het_gp_ctx,2025,6.0
team_spread_z,-0.017493868267710138,0.022944792212961633,het_gp_ctx,2025,6.0
vegas_team_total_z,0.08600580001615261,0.02260539874292658,het_gp_ctx,2025,6.0
ctx:exp_pts_for[RB],-0.0739885704792386,0.03366237576815505,het_gp_ctx,2025,6.0
ctx:exp_margin[RB],0.05534427452907555,0.032959530833084734,het_gp_ctx,2025,6.0
ctx:exp_pts_for[TE],-0.043520129618150674,0.028076356299413158,het_gp_ctx,2025,6.0
ctx:exp_margin[TE],0.007392549903796226,0.027926390058131224,het_gp_ctx,2025,6.0
ctx:exp_pts_for[WR],-0.023661894894516252,0.02796274183083389,het_gp_ctx,2025,6.0
ctx:exp_margin[WR],0.00333047517694986,0.02682802758959348,het_gp_ctx,2025,6.0
roll_avg_points_allowed_z,-0.013452430830443238,0.008584684821294153,het_gp_ctx_novegas,2025,6.0
lag_yards_per_rush_attempt_z,0.011571434460394093,0.009414138509975734,het_gp_ctx_novegas,2025,6.0
lag_yards_per_target_z,0.00890506841684826,0.008714233257186916,het_gp_ctx_novegas,2025,6.0
lag_avg_depth_of_target_z,-0.016204254905151573,0.010406391741512862,het_gp_ctx_novegas,2025,6.0
lag_target_share_z,0.06956635046497099,0.012725300734485816,het_gp_ctx_novegas,2025,6.0
lag_rush_share_z,0.13697519665065333,0.018033978504213146,het_gp_ctx_novegas,2025,6.0
temp_z,-0.019223885940961926,0.008814308339232921,het_gp_ctx_novegas,2025,6.0
wind_z,-0.01664580772881785,0.011616383975033848,het_gp_ctx_novegas,2025,6.0
games_missed_ytd_z,-0.05363932415393266,0.01070754696056498,het_gp_ctx_novegas,2025,6.0
lag_offense_pct_z,0.15723974645482436,0.014510483519135017,het_gp_ctx_novegas,2025,6.0
lag_st_pct_z,-0.06884910270350823,0.012317552332021194,het_gp_ctx_novegas,2025,6.0
ctx:exp_pts_for[RB],-0.01326524746792978,0.029519936776105003,het_gp_ctx_novegas,2025,6.0
ctx:exp_margin[RB],0.04883836576080798,0.026902388762420865,het_gp_ctx_novegas,2025,6.0
ctx:exp_pts_for[TE],0.014942023937774511,0.02355686212752966,het_gp_ctx_novegas,2025,6.0
ctx:exp_margin[TE],0.0029606903741292586,0.021929155924643264,het_gp_ctx_novegas,2025,6.0
ctx:exp_pts_for[WR],0.03749786134217289,0.022618182470462912,het_gp_ctx_novegas,2025,6.0
ctx:exp_margin[WR],-0.0025683191471683347,0.02097266846856787,het_gp_ctx_novegas,2025,6.0
spread_line_z,0.010047112406357774,0.007266859202207808,het_gp,2025,9.0
roll_avg_points_allowed_z,-0.011967905130141931,0.007824151289212294,het_gp,2025,9.0
lag_yards_per_rush_attempt_z,0.009801421660169087,0.009896481727917636,het_gp,2025,9.0
lag_yards_per_target_z,0.008102663193436575,0.00818382874326091,het_gp,2025,9.0
lag_avg_depth_of_target_z,-0.0160719679181362,0.010409609304494291,het_gp,2025,9.0
lag_target_share_z,0.06776101047452092,0.013066254556862954,het_gp,2025,9.0
lag_rush_share_z,0.1389340476824273,0.016923426938537007,het_gp,2025,9.0
temp_z,-0.016648580312658003,0.008641301440752558,het_gp,2025,9.0
wind_z,-0.018961017738949853,0.011156022581011409,het_gp,2025,9.0
games_missed_ytd_z,-0.0552634109168841,0.010572767931044908,het_gp,2025,9.0
lag_offense_pct_z,0.15292644235155248,0.013535245117302206,het_gp,2025,9.0
lag_st_pct_z,-0.06814740113568585,0.011707664142024933,het_gp,2025,9.0
roll_avg_points_allowed_z,-0.00931205748715155,0.007955859639400492,het_gp_vegas,2025,9.0
lag_yards_per_rush_attempt_z,0.009818783287536754,0.009809832368052997,het_gp_vegas,2025,9.0
lag_yards_per_target_z,0.007523347657483674,0.00836359475292024,het_gp_vegas,2025,9.0
lag_avg_depth_of_target_z,-0.016295966825981303,0.010468063736569605,het_gp_vegas,2025,9.0
lag_target_share_z,0.06926318014787912,0.013603563991946704,het_gp_vegas,2025,9.0
lag_rush_share_z,0.14057117514965745,0.018715343216458562,het_gp_vegas,2025,9.0
temp_z,-0.021158043531916505,0.008300275977885182,het_gp_vegas,2025,9.0
wind_z,-0.015493446529992568,0.010966779821131234,het_gp_vegas,2025,9.0
games_missed_ytd_z,-0.053175540342745194,0.011171068788164507,het_gp_vegas,2025,9.0
lag_offense_pct_z,0.15369777803389437,0.013895662222169121,het_gp_vegas,2025,9.0
lag_st_pct_z,-0.06781744788904646,0.011963682925712581,het_gp_vegas,2025,9.0
team_spread_z,-0.00240778629461826,0.02004167734420145,het_gp_vegas,2025,9.0
vegas_team_total_z,0.06147795316239591,0.016988098775565376,het_gp_vegas,2025,9.0
roll_avg_points_allowed_z,-0.009967097706807645,0.008522266127691466,het_gp_ctx,2025,9.0
lag_yards_per_rush_attempt_z,0.009889510165709858,0.00906893455469655,het_gp_ctx,2025,9.0
lag_yards_per_target_z,0.008258821509170601,0.007872436079678637,het_gp_ctx,2025,9.0
lag_avg_depth_of_target_z,-0.015879104045835698,0.010212743786911511,het_gp_ctx,2025,9.0
lag_target_share_z,0.06909673540833744,0.013483310313923668,het_gp_ctx,2025,9.0
lag_rush_share_z,0.13852255868348276,0.01715941967776468,het_gp_ctx,2025,9.0
temp_z,-0.020408749601771352,0.008709054058467001,het_gp_ctx,2025,9.0
wind_z,-0.012170208568169518,0.011314035278786981,het_gp_ctx,2025,9.0
games_missed_ytd_z,-0.0535022135673717,0.010948448428549524,het_gp_ctx,2025,9.0
lag_offense_pct_z,0.1527207311613017,0.013248586709030293,het_gp_ctx,2025,9.0
lag_st_pct_z,-0.06782588182152358,0.011124970112378679,het_gp_ctx,2025,9.0
team_spread_z,-0.01586816705159071,0.021817814090757715,het_gp_ctx,2025,9.0
vegas_team_total_z,0.08331040950158437,0.021403027928617445,het_gp_ctx,2025,9.0
ctx:exp_pts_for[RB],-0.05844592063846964,0.03226678466374213,het_gp_ctx,2025,9.0
ctx:exp_margin[RB],0.045098424240032194,0.031211861590443743,het_gp_ctx,2025,9.0
ctx:exp_pts_for[TE],-0.04290341529023315,0.02703490052960124,het_gp_ctx,2025,9.0
ctx:exp_margin[TE],0.003805784533668637,0.026073214322524033,het_gp_ctx,2025,9.0
ctx:exp_pts_for[WR],-0.022588090127115823,0.02738887235570273,het_gp_ctx,2025,9.0
ctx:exp_margin[WR],0.0027638720818387113,0.025468424822966837,het_gp_ctx,2025,9.0
roll_avg_points_allowed_z,-0.011173295894068284,0.008073879089262048,het_gp_ctx_novegas,2025,9.0
lag_yards_per_rush_attempt_z,0.009861225179162166,0.009290961302194358,het_gp_ctx_novegas,2025,9.0
lag_yards_per_target_z,0.008339674227182795,0.008281796597151246,het_gp_ctx_novegas,2025,9.0
lag_avg_depth_of_target_z,-0.01585050828833074,0.010239545032142881,het_gp_ctx_novegas,2025,9.0
lag_target_share_z,0.06744949474231254,0.012693975647354657,het_gp_ctx_novegas,2025,9.0
lag_rush_share_z,0.13834115438994246,0.018280284071299408,het_gp_ctx_novegas,2025,9.0
temp_z,-0.018001293374061894,0.008702117148049348,het_gp_ctx_novegas,2025,9.0
wind_z,-0.020539330755792184,0.011693998105164373,het_gp_ctx_novegas,2025,9.0
games_missed_ytd_z,-0.055694506220593167,0.010766430155692284,het_gp_ctx_novegas,2025,9.0
lag_offense_pct_z,0.15337799238923341,0.014733366235751564,het_gp_ctx_novegas,2025,9.0
lag_st_pct_z,-0.0685674249756763,0.01166040642298419,het_gp_ctx_novegas,2025,9.0
ctx:exp_pts_for[RB],-0.004378311376992349,0.02850956834388105,het_gp_ctx_novegas,2025,9.0
ctx:exp_margin[RB],0.044904262148245465,0.02636477348017383,het_gp_ctx_novegas,2025,9.0
ctx:exp_pts_for[TE],0.014889387337399331,0.02315510292245684,het_gp_ctx_novegas,2025,9.0
ctx:exp_margin[TE],-0.0010948243706255475,0.019965206191182475,het_gp_ctx_novegas,2025,9.0
ctx:exp_pts_for[WR],0.03906540086335094,0.022530760096383374,het_gp_ctx_novegas,2025,9.0
ctx:exp_margin[WR],-0.0032474902492453522,0.019711598592898928,het_gp_ctx_novegas,2025,9.0
spread_line_z,0.007136123341261199,0.007206074322979288,het_gp,2025,12.0
roll_avg_points_allowed_z,-0.017203403717821163,0.0074983963618243075,het_gp,2025,12.0
lag_yards_per_rush_attempt_z,0.0068735677033404585,0.008868489839128912,het_gp,2025,12.0
lag_yards_per_target_z,0.004387507611166916,0.00872328019026731,het_gp,2025,12.0
lag_avg_depth_of_target_z,-0.014470987346130643,0.009798056311346299,het_gp,2025,12.0
lag_target_share_z,0.0654704570787559,0.012117668830119747,het_gp,2025,12.0
lag_rush_share_z,0.13896064258174043,0.017624438698214197,het_gp,2025,12.0
temp_z,-0.013388755375448851,0.008286378710697824,het_gp,2025,12.0
wind_z,-0.026204335291015325,0.011423330941612778,het_gp,2025,12.0
games_missed_ytd_z,-0.05828305958276885,0.01060525145314492,het_gp,2025,12.0
lag_offense_pct_z,0.1538886769105477,0.013230372975231015,het_gp,2025,12.0
lag_st_pct_z,-0.06715153435111657,0.011312336977700685,het_gp,2025,12.0
roll_avg_points_allowed_z,-0.01392282335134164,0.007667517106315743,het_gp_vegas,2025,12.0
lag_yards_per_rush_attempt_z,0.006838386595402882,0.008981630946543863,het_gp_vegas,2025,12.0
lag_yards_per_target_z,0.0037493763542628573,0.008046232705436987,het_gp_vegas,2025,12.0
lag_avg_depth_of_target_z,-0.014436818331714068,0.009717454665425902,het_gp_vegas,2025,12.0
lag_target_share_z,0.06661559571251234,0.012631232981933312,het_gp_vegas,2025,12.0
lag_rush_share_z,0.13977088356974923,0.01719411093092265,het_gp_vegas,2025,12.0
temp_z,-0.01789651782795262,0.008334759408305754,het_gp_vegas,2025,12.0
wind_z,-0.02115448321416611,0.010837490388580449,het_gp_vegas,2025,12.0
games_missed_ytd_z,-0.05688091573777205,0.01125181458760089,het_gp_vegas,2025,12.0
lag_offense_pct_z,0.1537270812911429,0.013392245919834032,het_gp_vegas,2025,12.0
lag_st_pct_z,-0.06713586601010808,0.011118976873464585,het_gp_vegas,2025,12.0
team_spread_z,-0.007902806311214778,0.018286380050786144,het_gp_vegas,2025,12.0
vegas_team_total_z,0.06509700339607465,0.016021518429753683,het_gp_vegas,2025,12.0
roll_avg_points_allowed_z,-0.014683308034789358,0.007675988920008896,het_gp_ctx,2025,12.0
lag_yards_per_rush_attempt_z,0.007062175748762341,0.009561624982209518,het_gp_ctx,2025,12.0
lag_yards_per_target_z,0.004283959524124929,0.00817743728637657,het_gp_ctx,2025,12.0
lag_avg_depth_of_target_z,-0.014615241978451233,0.009738332309693565,het_gp_ctx,2025,12.0
lag_target_share_z,0.06717801563003845,0.012107750338981961,het_gp_ctx,2025,12.0
lag_rush_share_z,0.13886004121894957,0.01740704016913426,het_gp_ctx,2025,12.0
temp_z,-0.01770017145124387,0.008069273488447746,het_gp_ctx,2025,12.0
wind_z,-0.01667226894086888,0.011242310550966814,het_gp_ctx,2025,12.0
games_missed_ytd_z,-0.05684074030634921,0.01010763380370018,het_gp_ctx,2025,12.0
lag_offense_pct_z,0.15339633893042307,0.013063695677161655,het_gp_ctx,2025,12.0
lag_st_pct_z,-0.0680292827617277,0.011024580419367512,het_gp_ctx,2025,12.0
team_spread_z,-0.02782055817378103,0.022839497191362655,het_gp_ctx,2025,12.0
vegas_team_total_z,0.09259784424328667,0.02135870025095096,het_gp_ctx,2025,12.0
ctx:exp_pts_for[RB],-0.06463097646892908,0.03167879215133401,het_gp_ctx,2025,12.0
ctx:exp_margin[RB],0.05799602396773355,0.03113844694952778,het_gp_ctx,2025,12.0
ctx:exp_pts_for[TE],-0.05174288336538929,0.025802014607823314,het_gp_ctx,2025,12.0
ctx:exp_margin[TE],0.014421906665438923,0.025423161637982784,het_gp_ctx,2025,12.0
ctx:exp_pts_for[WR],-0.028339060301699255,0.027033361140867823,het_gp_ctx,2025,12.0
ctx:exp_margin[WR],0.013123513138035567,0.025609140645763473,het_gp_ctx,2025,12.0
roll_avg_points_allowed_z,-0.016335260522088727,0.007414848732562675,het_gp_ctx_novegas,2025,12.0
lag_yards_per_rush_attempt_z,0.007120274161182615,0.0090805847028155,het_gp_ctx_novegas,2025,12.0
lag_yards_per_target_z,0.004501623716777632,0.008192122363056538,het_gp_ctx_novegas,2025,12.0
lag_avg_depth_of_target_z,-0.014302762950720142,0.009813137668395836,het_gp_ctx_novegas,2025,12.0
lag_target_share_z,0.0652411109360618,0.012234534732104677,het_gp_ctx_novegas,2025,12.0
lag_rush_share_z,0.1370645658129975,0.017728121234191575,het_gp_ctx_novegas,2025,12.0
temp_z,-0.014718272327489948,0.008273548840510318,het_gp_ctx_novegas,2025,12.0
wind_z,-0.026757315003366405,0.010968414848626592,het_gp_ctx_novegas,2025,12.0
games_missed_ytd_z,-0.05851710182720572,0.010254132121481479,het_gp_ctx_novegas,2025,12.0
lag_offense_pct_z,0.15527743930659874,0.013276827148861995,het_gp_ctx_novegas,2025,12.0
lag_st_pct_z,-0.06789235955546286,0.011336120236848385,het_gp_ctx_novegas,2025,12.0
ctx:exp_pts_for[RB],0.003486024440939749,0.026248052414554912,het_gp_ctx_novegas,2025,12.0
ctx:exp_margin[RB],0.040114381127637024,0.024199473612969327,het_gp_ctx_novegas,2025,12.0
ctx:exp_pts_for[TE],0.013632447695195364,0.020963849087447802,het_gp_ctx_novegas,2025,12.0
ctx:exp_margin[TE],0.000954061877980766,0.018998793448198135,het_gp_ctx_novegas,2025,12.0
ctx:exp_pts_for[WR],0.036044360224752076,0.021026759050630443,het_gp_ctx_novegas,2025,12.0
ctx:exp_margin[WR],-0.0002462178979960084,0.017907814613064413,het_gp_ctx_novegas,2025,12.0
spread_line_z,0.0054426661453158415,0.006533180015900051,het_gp,2025,15.0
roll_avg_points_allowed_z,-0.018629980763482,0.007587083406919637,het_gp,2025,15.0
lag_yards_per_rush_attempt_z,0.004710742533042735,0.008734074989134475,het_gp,2025,15.0
lag_yards_per_target_z,0.007556106043988858,0.008357019907571378,het_gp,2025,15.0
lag_avg_depth_of_target_z,-0.017367157825768715,0.009849012271068757,het_gp,2025,15.0
lag_target_share_z,0.06373384403492738,0.011749387580599088,het_gp,2025,15.0
lag_rush_share_z,0.1377866679847112,0.016451483179967922,het_gp,2025,15.0
temp_z,-0.008501667123561039,0.008587399067890605,het_gp,2025,15.0
wind_z,-0.023483303968841997,0.010869791541942448,het_gp,2025,15.0
games_missed_ytd_z,-0.05640271238008367,0.010343654189747047,het_gp,2025,15.0
lag_offense_pct_z,0.1534544762049946,0.012713850389506738,het_gp,2025,15.0
lag_st_pct_z,-0.06713138495266556,0.011388665875883849,het_gp,2025,15.0
roll_avg_points_allowed_z,-0.015271874918601734,0.006896790015966443,het_gp_vegas,2025,15.0
lag_yards_per_rush_attempt_z,0.00506287400837527,0.008878793975141736,het_gp_vegas,2025,15.0
lag_yards_per_target_z,0.007279554861187495,0.007640016369382516,het_gp_vegas,2025,15.0
lag_avg_depth_of_target_z,-0.01750976616611234,0.009821804103664743,het_gp_vegas,2025,15.0
lag_target_share_z,0.06688933794537086,0.012028141887736337,het_gp_vegas,2025,15.0
lag_rush_share_z,0.13805312718296378,0.01638741547398592,het_gp_vegas,2025,15.0
temp_z,-0.012907238219974393,0.008405926786230958,het_gp_vegas,2025,15.0
wind_z,-0.018616029212762154,0.010840367941773682,het_gp_vegas,2025,15.0
games_missed_ytd_z,-0.055021255720205914,0.009869831018786978,het_gp_vegas,2025,15.0
lag_offense_pct_z,0.15366410392470561,0.012729946506739214,het_gp_vegas,2025,15.0
lag_st_pct_z,-0.06735208959595969,0.01099339945123523,het_gp_vegas,2025,15.0
team_spread_z,-0.010015319026640903,0.018658306188080648,het_gp_vegas,2025,15.0
vegas_team_total_z,0.06722372975068154,0.015398624379014817,het_gp_vegas,2025,15.0
roll_avg_points_allowed_z,-0.01637417196258594,0.007430414160690423,het_gp_ctx,2025,15.0
lag_yards_per_rush_attempt_z,0.00535945570465686,0.009397593724048263,het_gp_ctx,2025,15.0
lag_yards_per_target_z,0.007099310081417732,0.008044427222003507,het_gp_ctx,2025,15.0
lag_avg_depth_of_target_z,-0.016827123564587064,0.009780688942230912,het_gp_ctx,2025,15.0
lag_target_share_z,0.06643613066642379,0.011789593003588924,het_gp_ctx,2025,15.0
lag_rush_share_z,0.1379992517892888,0.017109121733236157,het_gp_ctx,2025,15.0
temp_z,-0.012867726243278414,0.007706879250271298,het_gp_ctx,2025,15.0
wind_z,-0.01445826598864107,0.011413810990203537,het_gp_ctx,2025,15.0
games_missed_ytd_z,-0.05559947771772788,0.009957049315945665,het_gp_ctx,2025,15.0
lag_offense_pct_z,0.15310827637742624,0.01352442060374371,het_gp_ctx,2025,15.0
lag_st_pct_z,-0.06737447145965507,0.010842180876365065,het_gp_ctx,2025,15.0
team_spread_z,-0.03202347118059706,0.021682759716244872,het_gp_ctx,2025,15.0
vegas_team_total_z,0.097134771208996,0.020714188353009696,het_gp_ctx,2025,15.0
ctx:exp_pts_for[RB],-0.07332506524917566,0.03194363205545183,het_gp_ctx,2025,15.0
ctx:exp_margin[RB],0.06968757982151931,0.030525376943321247,het_gp_ctx,2025,15.0
ctx:exp_pts_for[TE],-0.049196394831519975,0.02483978722792777,het_gp_ctx,2025,15.0
ctx:exp_margin[TE],0.01347566701836196,0.024550651329039948,het_gp_ctx,2025,15.0
ctx:exp_pts_for[WR],-0.03219093506909468,0.024930731528646215,het_gp_ctx,2025,15.0
ctx:exp_margin[WR],0.010116299280709819,0.025302610527196363,het_gp_ctx,2025,15.0
roll_avg_points_allowed_z,-0.017850167952560426,0.007404261942355264,het_gp_ctx_novegas,2025,15.0
lag_yards_per_rush_attempt_z,0.004899772305070095,0.008800601861526187,het_gp_ctx_novegas,2025,15.0
lag_yards_per_target_z,0.007364970381589954,0.007528010908142929,het_gp_ctx_novegas,2025,15.0
lag_avg_depth_of_target_z,-0.016479677194830906,0.009419917764304057,het_gp_ctx_novegas,2025,15.0
lag_target_share_z,0.06522397066186729,0.01114614873525123,het_gp_ctx_novegas,2025,15.0
lag_rush_share_z,0.13861817661363887,0.015840720076721392,het_gp_ctx_novegas,2025,15.0
temp_z,-0.00968765486131694,0.00809942596693428,het_gp_ctx_novegas,2025,15.0
wind_z,-0.024709100552738762,0.010622295337203314,het_gp_ctx_novegas,2025,15.0
games_missed_ytd_z,-0.0568266210388939,0.00993182159079934,het_gp_ctx_novegas,2025,15.0
lag_offense_pct_z,0.15402914657610678,0.01246726429778089,het_gp_ctx_novegas,2025,15.0
lag_st_pct_z,-0.06777412642008451,0.010813227955697129,het_gp_ctx_novegas,2025,15.0
ctx:exp_pts_for[RB],-0.002916326993425944,0.02709745383083476,het_gp_ctx_novegas,2025,15.0
ctx:exp_margin[RB],0.05178448627376054,0.025496197399437235,het_gp_ctx_novegas,2025,15.0
ctx:exp_pts_for[TE],0.019177269339431462,0.021809942434813552,het_gp_ctx_novegas,2025,15.0
ctx:exp_margin[TE],-0.003753809651925926,0.020473369038647427,het_gp_ctx_novegas,2025,15.0
ctx:exp_pts_for[WR],0.039635611434326846,0.021510609598029994,het_gp_ctx_novegas,2025,15.0
ctx:exp_margin[WR],-0.009199368175931814,0.019113921565782656,het_gp_ctx_novegas,2025,15.0
